product_id,recommendations,scores
250,"[4996634, 692836, 2645329, 457014, 461910, 3621135, 4613636, 2645328, 36379, 1135935]","[0.8373187241192954, 0.8321818257856383, 0.8078934215681794, 0.7929091485834769, 0.7866978748860315, 0.7858728078594501, 0.7800813871384125, 0.7520652971615762, 0.7329565342159658, 0.7277797151699391]"
479,"[3772408, 540693, 44879, 1181100, 3756803, 36379, 435129, 6028352, 513866, 4613633]","[0.6316197247611338, 0.5626740447820451, 0.5316565488143412, 0.5201792614947955, 0.5140680735248833, 0.4943696542086573, 0.46172411903132365, 0.42362408601612006, 0.4118834262189397, 0.40956643868769615]"
981,"[257862, 6028352, 196392, 160488, 787778, 1139, 551016, 2783911, 7749427, 626493]","[0.5143751159041525, 0.45732472980097827, 0.4436622706491528, 0.42375565768176826, 0.41800023942003356, 0.404094374736534, 0.35630940547051326, 0.351965846018839, 0.34973329225064914, 0.3491521549854705]"
1017,"[422911, 1356977, 139821, 1181100, 36379, 5360840, 3597385, 6028352, 452475, 6604347]","[0.48734375910268846, 0.4617290016080802, 0.4477299576622759, 0.4447082626926161, 0.42692057917701215, 0.4156650543454742, 0.41273968475347955, 0.41012479233085075, 0.402889773614006, 0.39994769668303104]"
1139,"[2809496, 4639701, 4970778, 3445858, 1129386, 315082, 950973, 981, 739418, 6028352]","[0.5385815241424639, 0.5129687772964491, 0.4669712555377433, 0.4656514303328378, 0.42734510609874615, 0.4228931125795974, 0.40833004107627724, 0.404094374736534, 0.4023510811592422, 0.4017185492879999]"
1268,"[4586552, 594425, 64110, 2722169, 860860, 6565374, 1473197, 315082, 422906, 6599375]","[0.8497731659712287, 0.8072057581975682, 0.8044778198447762, 0.7984479089167575, 0.7529882847145393, 0.7386153168787226, 0.6944233094244066, 0.6911141818510261, 0.6807394862249716, 0.6654606654945573]"
1290,"[1044491, 73008, 1324436, 1129386, 139993, 1485845, 3753166, 6836720, 422906, 1485843]","[0.7550867471168083, 0.6324885956414025, 0.5676093478053543, 0.5653146778493106, 0.5640377021767689, 0.5550630810048787, 0.5448889449543963, 0.5428368980735454, 0.5418866821729209, 0.5415799104730619]"
5612,"[18423, 1129386, 3756803, 860860, 4613638, 2722148, 343888, 626493, 1217419, 6565374]","[0.5530177247353832, 0.4870077722379742, 0.47521807687038786, 0.4526374032916665, 0.4455074636624895, 0.4168886677850215, 0.4113234812568981, 0.41008738751015783, 0.4100683343840512, 0.40356831580832175]"
8078,"[456562, 2645330, 42085, 520376, 1485843, 452442, 781070, 301196, 48066, 2722155]","[0.8167457140246301, 0.5692352670690617, 0.5691039081110328, 0.520157668745947, 0.5063827831586288, 0.5008793079002262, 0.4899794724324426, 0.4853382747886378, 0.48137641690503324, 0.4760337547794238]"
9471,"[4394259, 4586552, 771559, 3597383, 190741, 1010793, 64110, 1268, 361744, 648660]","[0.7067516272497504, 0.6795929068625616, 0.67066803657415, 0.648862858437585, 0.6128962989304029, 0.6118578166597559, 0.6059690973327506, 0.6007000715243732, 0.5874891815336676, 0.5848038956220101]"
14410,"[73008, 3753166, 1044491, 6836720, 68138, 1290, 2659739, 3445858, 448344, 3626216]","[0.6081530973180627, 0.5934430799413211, 0.5477179696197463, 0.4651580434293967, 0.4316690445593392, 0.4306418097217013, 0.3896576199706958, 0.3800731220678153, 0.37678002997347204, 0.37145593370545]"
18423,"[626493, 5612, 860860, 648648, 361744, 435129, 4586552, 173656, 513103, 461912]","[0.7843796126772853, 0.5530177247353832, 0.5101875574287712, 0.4796087134349082, 0.46070214386487646, 0.4595263640139594, 0.45885230919885717, 0.4553811890199424, 0.4546951643752262, 0.44701195172213415]"
18744,"[248367, 739418, 4719645, 1135934, 44879, 347361, 1010793, 461912, 277501, 3494211]","[0.4710498714633212, 0.4503923294229578, 0.44680563715036026, 0.4329579784659462, 0.4096926518229873, 0.4062062866682247, 0.40292244492132145, 0.4016141535951951, 0.4015102130772961, 0.39982819406069725]"
23694,"[4996626, 461916, 6604346, 374238, 343888, 139993, 648655, 1268, 784419, 189912]","[0.5539464156679665, 0.4656330046795196, 0.4589061374432978, 0.44466332462906005, 0.4401849335130693, 0.4397547639014466, 0.43547701802226535, 0.4290545969790362, 0.40863173663160296, 0.40500472266477094]"
24093,"[2645331, 513815, 2645330, 42085, 3756794, 4148779, 950973, 2645334, 1474924, 7066986]","[0.5297794069490227, 0.517490829515584, 0.4158239923048311, 0.382789165143978, 0.3776731466437345, 0.36046015817038995, 0.3540032179163969, 0.3526859181195108, 0.3283156864911583, 0.3212959203922038]"
26651,"[1485843, 2662674, 1324436, 1485845, 4613635, 766529, 930436, 452448, 654428, 452442]","[0.5157208247761854, 0.5135236341748606, 0.5094245249648073, 0.4956175626465812, 0.4939100896161226, 0.4934852118722877, 0.49287566785139286, 0.4812513899142057, 0.4684936591623486, 0.4651309250847665]"
36379,"[3621135, 127349, 250, 692836, 461910, 4613636, 4996634, 457014, 3446264, 2645329]","[0.8284113985533537, 0.7855822631934855, 0.7329565342159658, 0.7329151760388445, 0.7132673341487623, 0.6820048146509838, 0.6705911696575855, 0.6508982140619628, 0.6165061829507543, 0.6084739429086177]"
41880,"[437390, 461912, 995305, 2722144, 1473807, 3446264, 774771, 376842, 4633369, 2809497]","[0.5231530964600946, 0.5021897723605171, 0.47576407111885194, 0.45018341394836037, 0.43576153643408977, 0.4165882193946476, 0.38697327853389407, 0.36016158332367115, 0.35665091019602063, 0.3552405472148269]"
42085,"[2645330, 2645331, 8078, 456562, 2645334, 2722163, 48066, 2722162, 6836720, 4060531]","[0.7952585242948103, 0.573815729340557, 0.5691039081110328, 0.5321432544593163, 0.5262991804552343, 0.5206667463378286, 0.5125129240397701, 0.49464733998949517, 0.472295712106871, 0.47030192959459793]"
42114,"[422906, 452448, 452442, 1324436, 315082, 1473197, 1485843, 220091, 262993, 1129386]","[0.7388180354687652, 0.7312696413211399, 0.7237602238825213, 0.7146122520483589, 0.7073540126996045, 0.694078195281226, 0.6905162313147692, 0.6330555382452628, 0.6211995849672269, 0.614971554440615]"
42142,"[4518371, 1324436, 1290, 48066, 1485843, 452442, 1129386, 139993, 26651, 982132]","[0.8307850148188625, 0.5322126726120859, 0.5081055472985603, 0.5043371053224761, 0.49169745013333244, 0.4863265965111977, 0.4683656740327596, 0.4585931677307786, 0.45039873448024914, 0.44977714219635334]"
44879,"[173656, 1324436, 361744, 315082, 513103, 435129, 4970783, 3772408, 422911, 6028352]","[0.6696046867529037, 0.6314296115241567, 0.6227425437405093, 0.6168848925941117, 0.6095139006841779, 0.6044320350477277, 0.6040936145142082, 0.5981118080492454, 0.5945265477456891, 0.5839356045046644]"
48066,"[573594, 1324436, 6604346, 461916, 3446267, 5360839, 315082, 42114, 452442, 1474701]","[0.6906081206361587, 0.6777685354055212, 0.6219919059884385, 0.5846379841577061, 0.58255173406265, 0.5616724604805305, 0.5573682243452065, 0.5509203853616617, 0.5442597146501154, 0.5399408376564093]"
60541,"[950973, 2645335, 374235, 2722169, 6583638, 692836, 6599375, 1268, 1129386, 2722147]","[0.4923830481859889, 0.45259699021901045, 0.45123443233520366, 0.4240605453081588, 0.4138884383594084, 0.403104148546385, 0.39923960335321396, 0.3946549123476576, 0.39372861993748287, 0.39090159028897176]"
61305,"[465454, 452442, 1129386, 1324436, 422906, 262993, 1290, 4039424, 1473197, 48066]","[0.7178672761407046, 0.5372617317784723, 0.5121940348669629, 0.489110286521444, 0.4840069607205916, 0.4827277791684696, 0.47923245982479484, 0.47155117927742385, 0.46081685466605293, 0.4568771490396569]"
64110,"[4586552, 1268, 860860, 594425, 2722169, 6565374, 1010793, 9471, 448344, 6599375]","[0.8064229034419286, 0.8044778198447762, 0.7746902589704927, 0.7610018618950221, 0.744497452745525, 0.7302875952532932, 0.608584896970906, 0.6059690973327506, 0.5910885500967, 0.5818592262939607]"
68138,"[4633369, 3446264, 2809497, 3753166, 73008, 3445858, 6583638, 376842, 14410, 250]","[0.5149944521466815, 0.484768710177907, 0.4838049220953276, 0.4716353817533775, 0.46084247644377196, 0.46003781799948684, 0.44593168621178564, 0.4345419710572657, 0.4316690445593392, 0.4233694223704324]"
68508,"[1080669, 4970783, 435129, 461912, 361744, 1124796, 176376, 44879, 3597383, 930436]","[0.8864797033560792, 0.6609561923285183, 0.6059546631549277, 0.5660475153528441, 0.5581696698532552, 0.5205225819794363, 0.5160908755296043, 0.5120198789965251, 0.5029060072706055, 0.49696719444254167]"
73008,"[3753166, 1044491, 1290, 14410, 2659739, 2783911, 452443, 456559, 4315900, 4633369]","[0.7230342502716571, 0.6334557583819356, 0.6324885956414025, 0.6081530973180627, 0.5820140478512291, 0.5675414951310793, 0.5254304799916135, 0.525296179839243, 0.5137631865814076, 0.5129331900148228]"
127349,"[3621135, 36379, 692836, 461910, 250, 4996634, 4613636, 457014, 2645328, 1135935]","[0.798969943039858, 0.7855822631934855, 0.7606116019462166, 0.7241140016526149, 0.7185315116399847, 0.715883543749761, 0.6889793930674288, 0.6729886033034498, 0.6721589114148594, 0.6451536307680286]"
139814,"[353931, 189912, 2809976, 1485845, 6604347, 2722169, 5360840, 4283093, 2645330, 2777822]","[0.5965301947121506, 0.5081526313772224, 0.4073797281228845, 0.3985113717539014, 0.39211304619386467, 0.3822162154189917, 0.379340625400587, 0.3723488372978467, 0.3688059781203433, 0.36768513262567704]"
139821,"[930436, 6028352, 435129, 6836720, 3756792, 575926, 422911, 2662674, 1135937, 4613638]","[0.5731363439893893, 0.565815822869068, 0.5316376455875904, 0.5314633840370206, 0.5285070281893095, 0.52007131941483, 0.5029680534147392, 0.4960750685125027, 0.49218878019937984, 0.47970526286876203]"
139993,"[2659739, 456559, 422906, 452442, 2783911, 1485843, 1268, 4996626, 594425, 1324436]","[0.6870826591450474, 0.6732459200376544, 0.6660356754461477, 0.6589758319971919, 0.650591088770701, 0.634013952690224, 0.6288141890227248, 0.6274363189753565, 0.6240060965400915, 0.6238706390350204]"
160488,"[6599370, 4641579, 3756803, 3445855, 1287915, 1474924, 461910, 2809496, 4996628, 5722072]","[0.5407242933070157, 0.5198398192611244, 0.5053880413380345, 0.49769876902018284, 0.48428142557472276, 0.48045275522817615, 0.4787100892679851, 0.475637645246997, 0.4720063300754258, 0.46714620282684116]"
173656,"[3955548, 266374, 681194, 422905, 44879, 3433811, 513103, 771559, 1268, 1010793]","[0.7075845883652947, 0.7062268470688063, 0.7014327507045766, 0.6996069651710743, 0.6696046867529037, 0.6674761092180086, 0.5981478610563966, 0.5962079473649529, 0.5670161496438761, 0.5669301126328729]"
176376,"[1290145, 68508, 1080669, 361744, 822104, 353883, 189962, 692836, 3621135, 5880612]","[0.5252363489183862, 0.5160908755296043, 0.46488958238613987, 0.4458465005702499, 0.4361392413307248, 0.42934289079011156, 0.41689373889104414, 0.40931454132513667, 0.40095188297504114, 0.4005540153948975]"
189912,"[2809976, 4639701, 139814, 5360838, 4996628, 374233, 930436, 139821, 784419, 1290145]","[0.5744656072643339, 0.5510674615441506, 0.5081526313772224, 0.4713360874631005, 0.4598741199391545, 0.4589241397687045, 0.458639328341537, 0.4569212849254978, 0.45489995696984253, 0.45388739309525034]"
189962,"[551014, 551016, 569411, 4613633, 4394259, 68508, 176376, 551015, 173656, 4613638]","[0.4959738734232835, 0.45593403737647165, 0.44172208026348325, 0.43436951408699687, 0.4193979107097545, 0.41830662418783393, 0.41689373889104414, 0.4116298403488924, 0.3962140037176868, 0.38910757934881246]"
190741,"[286417, 792460, 9471, 4394259, 648648, 4586552, 648660, 3446266, 1268, 248367]","[0.7541753422292301, 0.6571201042153914, 0.6128962989304029, 0.5920522766244621, 0.5737437394320131, 0.561457745905481, 0.5513775939528426, 0.5424844576437686, 0.538499266262463, 0.5342448343948398]"
196392,"[4432091, 5880612, 301196, 981, 692836, 422905, 1324436, 160488, 2809991, 7066986]","[0.4966825671913524, 0.4637403674060132, 0.46299523971700185, 0.4436622706491528, 0.4424468305969926, 0.44105805021887207, 0.4395940530683968, 0.4231495514489249, 0.4229335595440745, 0.42157804035492435]"
209281,"[1124808, 394618, 127349, 417929, 3621135, 18423, 646041, 42114, 6599370, 422909]","[0.4606324869224043, 0.4093454258515954, 0.3975668100985108, 0.3903672412564635, 0.38471966419264836, 0.37652279719465287, 0.36991679486559326, 0.3669207232741655, 0.3563088657059622, 0.3506706015018616]"
209282,"[374238, 766520, 250, 3621135, 457014, 692836, 36379, 4996634, 461910, 2645328]","[0.8080277706896893, 0.699727535556139, 0.6006622187922459, 0.5934612109930788, 0.5705331094103925, 0.5568593584735577, 0.5179747562542008, 0.4910119088743948, 0.4909166706822689, 0.48431634642957044]"
220091,"[422906, 262993, 452448, 1473197, 1324436, 1485843, 452442, 315082, 1485845, 1268]","[0.8279944154045764, 0.8264910225488535, 0.7715974348763806, 0.7469848032898705, 0.7447977984239949, 0.7076970238630378, 0.6900744397246237, 0.6868337291222152, 0.6429772067647276, 0.6350267197874888]"
222623,"[361744, 44879, 771559, 3597383, 315084, 9471, 248367, 343888, 173656, 3445855]","[0.5405438772374331, 0.5203800473791625, 0.5110828874429274, 0.5095031629381638, 0.5004386109540041, 0.4824476765222512, 0.48143255666597395, 0.48058680103512696, 0.46826817624190586, 0.45465087783746805]"
248367,"[1010793, 771559, 648660, 1268, 422906, 42114, 376843, 315082, 4719645, 1473197]","[0.6357447436663324, 0.62407301153739, 0.6148084379843287, 0.5997130369418245, 0.5991348580469977, 0.5892124624470573, 0.5862035281679332, 0.5833247967559307, 0.5698084300608841, 0.5659016614112578]"
257862,"[787778, 981, 654428, 1485843, 2722149, 1129386, 573594, 692836, 422906, 834303]","[0.5153539461872688, 0.5143751159041525, 0.44689021969397535, 0.4411189112187513, 0.42816834158204087, 0.42684754876779374, 0.4159068771859761, 0.40968429468574585, 0.4057608996931611, 0.4049588527625333]"
262993,"[220091, 422906, 452442, 452448, 1485843, 1473197, 1324436, 315082, 1485845, 42114]","[0.8264910225488535, 0.8147147856627415, 0.7899608945089878, 0.7801710944226534, 0.7439822205578102, 0.7305633607098199, 0.7248413035839336, 0.6317139907356136, 0.6212760695580348, 0.6211995849672269]"
266374,"[173656, 3433811, 3955548, 1268, 4586552, 44879, 315082, 594425, 422905, 771559]","[0.7062268470688063, 0.6311783977834952, 0.542937832357154, 0.5243762627021853, 0.5174656861230915, 0.5155512833850248, 0.511134914643015, 0.4962787595834637, 0.4937309551670124, 0.4904874300214788]"
277501,"[2645328, 692836, 4996634, 250, 461910, 1135935, 457014, 5525816, 2645329, 4613636]","[0.6969090685005157, 0.583398073025031, 0.5571266349463792, 0.5372474518731903, 0.532988012326259, 0.5243945289433489, 0.5218196721905286, 0.5122493928584876, 0.5077897825250279, 0.5071694811532856]"
277502,"[315084, 4970778, 766529, 44879, 1017, 343888, 222623, 1134707, 7308001, 4613638]","[0.45953786904016547, 0.40085130508122824, 0.39234207354745876, 0.388211647791686, 0.38037973265261216, 0.3704741790424462, 0.3466976635361225, 0.3429865959682297, 0.34189461861010984, 0.34029651327241295]"
286417,"[190741, 792460, 9471, 4586552, 248367, 2645328, 1010793, 1268, 1135935, 64110]","[0.7541753422292301, 0.6845873417829444, 0.560848896961941, 0.5429858315247038, 0.5262355386192341, 0.5166043543518273, 0.4894078287759731, 0.48925759588139506, 0.4870422175750484, 0.48036761369902464]"
288288,"[353883, 1474924, 5093150, 4970778, 3445855, 551015, 68508, 160488, 3772408, 684657]","[0.510711909904595, 0.39328830022808114, 0.3915202902194956, 0.37615055755029425, 0.3744603216779737, 0.3631503800093254, 0.36267860120569256, 0.3614206773205454, 0.3484712242709084, 0.34791893881784325]"
301196,"[4996634, 2722147, 2645328, 1135935, 5525816, 3446266, 648648, 5722072, 692836, 1010793]","[0.7807729075511026, 0.7783840603288146, 0.7781051164235553, 0.7718050121892677, 0.7476101825247525, 0.7389656400154765, 0.7218254364680682, 0.6983637952794464, 0.6241314361869588, 0.6028535568123893]"
315082,"[422906, 1324436, 1473197, 1485843, 42114, 452442, 1268, 220091, 1129386, 982132]","[0.7660117104107204, 0.7656987169834193, 0.7636711340777989, 0.7232146268852664, 0.7073540126996045, 0.7000442444060135, 0.6911141818510261, 0.6868337291222152, 0.651301777747141, 0.645263681991127]"
315084,"[771559, 1010793, 461916, 248367, 648660, 315082, 361744, 222623, 42114, 44879]","[0.6294174606932952, 0.5739757620483082, 0.565022594299047, 0.5606748782544897, 0.5561519177889258, 0.5323996079405324, 0.5024666475197002, 0.5004386109540041, 0.5001607989688777, 0.49633529038047686]"
343888,"[4996628, 315084, 3756803, 3445855, 376843, 222623, 4970778, 190741, 3597383, 4613638]","[0.5579923180055341, 0.4899958815402909, 0.4894985190829967, 0.4881757701277674, 0.4821900894257392, 0.48058680103512696, 0.4798405930972548, 0.4759305453872551, 0.46164594677028603, 0.4561632356810922]"
347361,"[36379, 277501, 3955543, 127349, 692836, 3621135, 4719645, 461910, 18744, 4613636]","[0.49130671977971685, 0.465341664961195, 0.45318519143257296, 0.44456224843735964, 0.4400912764091095, 0.4236571458691432, 0.4172340492000411, 0.416161443788431, 0.4062062866682247, 0.4046425959660778]"
347365,"[3756794, 36379, 2645335, 3446266, 648648, 190741, 950973, 250, 374235, 222623]","[0.42157489005935744, 0.4175479670426323, 0.409955652204068, 0.4095671777639086, 0.4050277304138936, 0.40500831252127906, 0.39778971019296516, 0.3967316117956976, 0.39040258657843785, 0.3843673657430906]"
353883,"[3445855, 551014, 551016, 353931, 551015, 569411, 288288, 1290145, 6599370, 4996628]","[0.5398998470981798, 0.5345878784013312, 0.5190436195251719, 0.5180308940528, 0.5173715857354786, 0.5130102066381154, 0.510711909904595, 0.5068846180950206, 0.4623221482790796, 0.45826619464556495]"
353931,"[139814, 353883, 1181100, 569411, 1290145, 3756794, 4996628, 6604347, 626907, 2809496]","[0.5965301947121506, 0.5180308940528, 0.46878430289425915, 0.45855197087315613, 0.4477192717190882, 0.42700075718880764, 0.42348963228147574, 0.41535292980662825, 0.4078659730727676, 0.4056797801512196]"
361744,"[3597383, 4613636, 569411, 461912, 435129, 513103, 44879, 1124796, 3445855, 4996628]","[0.7450029892535717, 0.7339141754054488, 0.6473790413638656, 0.6354688653390055, 0.6349494625870312, 0.6246683769434926, 0.6227425437405093, 0.6198996439063023, 0.6075922542903263, 0.5947292123709107]"
374233,"[3756792, 4613638, 361744, 435129, 1124796, 930436, 6565374, 1124808, 1080669, 44879]","[0.8761079757120857, 0.8093364734935544, 0.5540715417494766, 0.5493152344909457, 0.5445631359815726, 0.5090691461169111, 0.5053435197374969, 0.5020018993194295, 0.4900632726310917, 0.4751002824884754]"
374235,"[2645335, 681194, 6565374, 3621135, 950973, 1124808, 540693, 860860, 4586552, 435129]","[0.7057015503091366, 0.5973764690231342, 0.56743581710562, 0.5397007464937635, 0.5367001534473028, 0.5201242856484449, 0.5182024028560895, 0.5101480720983225, 0.5013119508926898, 0.4986915652936985]"
374238,"[209282, 250, 766520, 461910, 3621135, 452442, 692836, 457014, 1485843, 4613636]","[0.8080277706896893, 0.6356832240731354, 0.5982009203821321, 0.5735905314717582, 0.5707580088568214, 0.5692167062343647, 0.5597496475719081, 0.5450536308481695, 0.5413729709663926, 0.5401078289369936]"
376841,"[1044491, 139993, 1324436, 452442, 68138, 3705524, 1290, 1485843, 1473807, 422906]","[0.41620126775373456, 0.38562869480449896, 0.3848641837275634, 0.3840480555161711, 0.38358022445125894, 0.37181512283562446, 0.37056299052321306, 0.36413344452418056, 0.3639105263089527, 0.3476092396890409]"
376842,"[2809497, 4633369, 3446264, 1135935, 250, 4996634, 4613636, 461910, 3626216, 457014]","[0.8412410415240081, 0.7920738202904536, 0.758965275352482, 0.6216303379400852, 0.576580627419119, 0.5711988328170509, 0.5662946742790065, 0.553764110204156, 0.5466400266742041, 0.5255744624272954]"
376843,"[139993, 248367, 1324436, 461917, 461916, 315082, 422906, 982132, 1129386, 452442]","[0.5939315660679316, 0.5862035281679332, 0.5603766787646118, 0.559199994586858, 0.5360515896745661, 0.535975498553715, 0.5328168310057924, 0.524342719217582, 0.5125023589045661, 0.511607228869841]"
394618,"[42114, 209281, 551015, 1287936, 771559, 173656, 4719644, 551016, 4613635, 343888]","[0.571028044819148, 0.4093454258515954, 0.3666160448370589, 0.3491191428805208, 0.33744050895948224, 0.32773262766265526, 0.3260443703299113, 0.32576803909834695, 0.3233950729524131, 0.3196750242075865]"
417929,"[209281, 513815, 173656, 448344, 42085, 2645330, 2809493, 2722163, 1287936, 2645331]","[0.3903672412564635, 0.35055715889678624, 0.3404987705497283, 0.3376181942401941, 0.33628621419239907, 0.32745337433827204, 0.3222268084590644, 0.31568541770613845, 0.31562911141758876, 0.30852927546811304]"
422905,"[681194, 173656, 3955548, 3433811, 6565374, 2722174, 44879, 266374, 2722169, 422906]","[0.70212864075754, 0.6996069651710743, 0.6276833826087092, 0.618002311599898, 0.5441488808724004, 0.5269115521480723, 0.5002956077603813, 0.4937309551670124, 0.4918046603646635, 0.4896421649412873]"
422906,"[1473197, 220091, 452442, 262993, 1485843, 1324436, 452448, 315082, 42114, 1485845]","[0.8382387446992647, 0.8279944154045764, 0.8183230565024613, 0.8147147856627415, 0.8027868064866607, 0.790366362393121, 0.7874204749695206, 0.7660117104107204, 0.7388180354687652, 0.7163779475938834]"
422909,"[452475, 6028352, 422911, 6604347, 5360837, 452443, 435129, 6565374, 681194, 3621132]","[0.5048591645793773, 0.4824016066282949, 0.46957898208524396, 0.43353016711824927, 0.4270941695858328, 0.423385716404372, 0.42255356582133197, 0.41293222568522303, 0.4073293973040365, 0.40394694495246053]"
422911,"[6604347, 44879, 930436, 681194, 315082, 173656, 1485843, 422906, 5360840, 1129386]","[0.601253932564926, 0.5945265477456891, 0.541695350738344, 0.5393012465012192, 0.5310985947436611, 0.525034654747374, 0.523329073247651, 0.5198452459134608, 0.5194602181799242, 0.5101515926642277]"
435111,"[1474701, 48066, 42085, 3756803, 573594, 1290, 3446264, 860860, 8078, 456562]","[0.47496146903077074, 0.45418336515938085, 0.4536588302462392, 0.4481991591836386, 0.43624193760588675, 0.431227393435499, 0.4100446281758705, 0.40849486746303953, 0.40738202816025865, 0.40621719540348245]"
435129,"[3772408, 513103, 1124796, 4970783, 361744, 4613638, 540693, 6028352, 68508, 44879]","[0.6836896046172984, 0.6449819897910418, 0.6446386660162966, 0.635420216696094, 0.6349494625870312, 0.6176490687054708, 0.6139775923237882, 0.6108232869185308, 0.6059546631549277, 0.6044320350477277]"
437390,"[995305, 1473807, 41880, 3955543, 2722144, 4633369, 3446264, 7749427, 4283093, 461912]","[0.5781193704667741, 0.536263048288508, 0.5231530964600946, 0.4986754678549374, 0.4926869530885229, 0.37756947563213483, 0.3685547240884344, 0.35553269172593194, 0.35505494229537615, 0.35404099495465496]"
448344,"[2659739, 452443, 2783911, 648655, 456559, 860860, 1268, 64110, 594425, 139993]","[0.694365979303528, 0.6694565050740712, 0.6657723781601192, 0.6550274718121165, 0.643711039838712, 0.6103846312389528, 0.6079990209236037, 0.5910885500967, 0.5903637532345885, 0.5769197225253598]"
452442,"[1485843, 1324436, 422906, 452448, 262993, 1473197, 42114, 315082, 220091, 1129386]","[0.8835275120476493, 0.8665770626652904, 0.8183230565024613, 0.8088889786890654, 0.7899608945089878, 0.7499910790533956, 0.7237602238825213, 0.7000442444060135, 0.6900744397246237, 0.6625786375074247]"
452443,"[2659739, 456559, 648655, 2783911, 448344, 4315900, 139993, 834303, 3626216, 4996626]","[0.8241660723908464, 0.7537504705796279, 0.7090341310364773, 0.6736556399347351, 0.6694565050740712, 0.6327930185285658, 0.5772487946252343, 0.5671817593915567, 0.564541559261838, 0.5449837936065673]"
452448,"[452442, 422906, 262993, 220091, 1485843, 42114, 1324436, 1473197, 315082, 1485845]","[0.8088889786890654, 0.7874204749695206, 0.7801710944226534, 0.7715974348763806, 0.7632188625825058, 0.7312696413211399, 0.7271192161515557, 0.7090768285395455, 0.642654479207911, 0.5959308955743128]"
452449,"[2722169, 1217419, 1268, 64110, 4586552, 594425, 6565374, 1010793, 648660, 860860]","[0.6022892171795355, 0.5978881433922296, 0.5904705829434906, 0.580286741897116, 0.5704817009915121, 0.5693428958573423, 0.5688768778698774, 0.5637270609444194, 0.5614697851842767, 0.5581358223863726]"
452475,"[422909, 374235, 6028352, 422911, 435129, 1181100, 7066986, 6565374, 1066972, 44879]","[0.5048591645793773, 0.49500092220740366, 0.4946180371947694, 0.47432623466051604, 0.46024990525953935, 0.4312685581486103, 0.42280395876477356, 0.42190169278707257, 0.4174978881195364, 0.4053456183493623]"
456559,"[2659739, 452443, 648655, 2783911, 139993, 4315900, 448344, 4996626, 594425, 834303]","[0.8880440363389832, 0.7537504705796279, 0.7080748179432932, 0.701888483756048, 0.6732459200376544, 0.6511943121613772, 0.643711039838712, 0.6120842265321235, 0.5936503766326758, 0.5421655117555061]"
456560,"[4283093, 1171873, 452442, 1485846, 3955543, 781070, 1366625, 3955547, 456563, 1485843]","[0.48675195212056976, 0.3632857670356504, 0.31128157616438895, 0.3084255114672509, 0.3074589759438858, 0.2987569652464307, 0.29741389535167295, 0.29370596558373185, 0.29250597602446876, 0.29154459237608954]"
456562,"[8078, 422906, 520376, 1485843, 452442, 262993, 6604347, 3955548, 1268, 315082]","[0.8167457140246301, 0.5960826801648162, 0.5896427403831002, 0.58338985626589, 0.5655569759341074, 0.56257071785741, 0.5508607821300082, 0.5469928607855283, 0.5435724172454801, 0.5398576839611193]"
456563,"[3955547, 3955545, 2645329, 452448, 452442, 422906, 4039424, 2645339, 1473197, 1485843]","[0.8974946751882975, 0.8221566517841943, 0.5804060157688733, 0.5561475586521274, 0.5435195908350533, 0.5370805089146022, 0.5261073579131985, 0.524453942183883, 0.5226811545062402, 0.513602573389975]"
457014,"[250, 4996634, 692836, 461910, 3621135, 2645329, 4613636, 2645328, 1135935, 127349]","[0.7929091485834769, 0.7578350297861978, 0.7394047520747352, 0.7310295751877913, 0.7190015179829481, 0.7056275058411059, 0.7046148623687558, 0.6944459445228838, 0.6740242031072634, 0.6729886033034498]"
461910,"[4613636, 4996634, 692836, 250, 1135935, 2645328, 2645329, 457014, 3621135, 127349]","[0.8584522834511108, 0.7951507792746003, 0.7918010342630044, 0.7866978748860315, 0.784852828862392, 0.7447074478159685, 0.7387659315054176, 0.7310295751877913, 0.7257681748597131, 0.7241140016526149]"
461912,"[513103, 361744, 1010793, 1080669, 44879, 435129, 68508, 3772408, 3652978, 692836]","[0.6511202216158936, 0.6354688653390055, 0.590430443659472, 0.5854719039585046, 0.5816866170596109, 0.5703434965176545, 0.5660475153528441, 0.5551273885700351, 0.5461441482478637, 0.5394468748485741]"
461916,"[1324436, 461910, 834303, 48066, 452442, 4613636, 5360839, 315084, 1485843, 1135935]","[0.634003176738144, 0.5941065464798956, 0.5846813703941658, 0.5846379841577061, 0.5784764694409152, 0.5735415911690518, 0.5678588382898779, 0.565022594299047, 0.5606218958274665, 0.555375558287184]"
461917,"[1129386, 982132, 315082, 422906, 376843, 461912, 1324436, 513103, 4613638, 1485843]","[0.6235252274577152, 0.6025412228468874, 0.5798682700479765, 0.5635997472969682, 0.559199994586858, 0.53734431564186, 0.5324530155885607, 0.5320133032024092, 0.5276481727565132, 0.5261305579575446]"
465454,"[61305, 3955547, 456563, 3955545, 2809497, 4633369, 250, 4039424, 6836720, 376842]","[0.7178672761407046, 0.5160240715268238, 0.488480664843276, 0.47774740245403824, 0.47329704004918727, 0.4503959848698524, 0.4363758105766146, 0.4357896599742186, 0.4277868210458117, 0.42015505797571345]"
513103,"[461912, 435129, 3772408, 361744, 44879, 173656, 4613638, 4970783, 1010793, 1080669]","[0.6511202216158936, 0.6449819897910418, 0.6316044731694075, 0.6246683769434926, 0.6095139006841779, 0.5981478610563966, 0.5883927743440017, 0.5599979601333003, 0.550762086883388, 0.5348764603454783]"
513815,"[2809991, 5694317, 2722144, 2645336, 24093, 3772408, 2645331, 2645330, 42085, 2645334]","[0.7795824184677533, 0.7387153144270563, 0.7256587620534958, 0.7146716329059697, 0.517490829515584, 0.477596697275655, 0.43991405663312827, 0.4276382825383723, 0.4193239117524945, 0.39522915159814176]"
513866,"[540693, 3772408, 435129, 6028352, 44879, 4970783, 1181100, 479, 36379, 6565374]","[0.5853308403830202, 0.5688943057406642, 0.5220833824445242, 0.5077353330336769, 0.4605885331382236, 0.44278496763968367, 0.4248030003609837, 0.4118834262189397, 0.3962922059007366, 0.3870959966379216]"
520376,"[315082, 422906, 982132, 1473197, 456562, 1485843, 1324436, 220091, 1485845, 452442]","[0.6289013096326679, 0.6077658712967445, 0.5987674658158715, 0.597860001358443, 0.5896427403831002, 0.5853671246716168, 0.5672994447015103, 0.5599698408387604, 0.5578617114909256, 0.5563310296776192]"
540693,"[3772408, 435129, 513866, 479, 4970783, 374235, 681194, 1124796, 44879, 361744]","[0.686318725403892, 0.6139775923237882, 0.5853308403830202, 0.5626740447820451, 0.5383922891063699, 0.5182024028560895, 0.5175720321349089, 0.5113891236653475, 0.49962942224373874, 0.49435943751784556]"
551014,"[353883, 189962, 4970778, 569411, 68508, 5880612, 1080669, 4613633, 4641579, 3772408]","[0.5345878784013312, 0.4959738734232835, 0.4647226690727187, 0.4591028558523822, 0.4311722861020253, 0.42240557076818674, 0.40267638607021217, 0.40141258569320476, 0.39303067028900385, 0.3888767982884963]"
551015,"[353883, 551016, 3445855, 189962, 4996626, 1287915, 139993, 452449, 1474924, 930436]","[0.5173715857354786, 0.4277564668836597, 0.4195848440443731, 0.4116298403488924, 0.3821114596505101, 0.3810209488833206, 0.37807206203895094, 0.37781049968721814, 0.3722786761157897, 0.3703017445188638]"
551016,"[4641579, 569411, 353883, 1290145, 684657, 139993, 457014, 189962, 3621135, 1135934]","[0.5784618176275547, 0.5251604101072318, 0.5190436195251719, 0.49875968434959705, 0.4959816783591733, 0.46667827428480246, 0.4601694611869631, 0.45593403737647165, 0.44424321109430415, 0.43997629157076645]"
564436,"[376842, 2645335, 785729, 42142, 41880, 784422, 692818, 2645340, 452443, 176376]","[0.4128259338941187, 0.3574610924836622, 0.3278414656275246, 0.3177859916135086, 0.3083929109102091, 0.2997870917373607, 0.29302346364516474, 0.2929582913795665, 0.2864625630902117, 0.2766566507558343]"
564441,"[315082, 1285508, 1485843, 422906, 42114, 452442, 461917, 1473197, 1268, 456562]","[0.5302829262324411, 0.4985529718399526, 0.4893335861746198, 0.47966584212992114, 0.4763876899250141, 0.4690343833022741, 0.460931133831872, 0.4568734830979341, 0.45635734069690287, 0.4550317240115462]"
569411,"[361744, 3597383, 4613635, 4996628, 551016, 4613638, 353883, 4641579, 3446266, 573181]","[0.6473790413638656, 0.5452278895631266, 0.5324633584482745, 0.5260647621067887, 0.5251604101072318, 0.5165000041634737, 0.5130102066381154, 0.5118437688744761, 0.4797494212349257, 0.4786213369911696]"
573181,"[1124796, 4996628, 361744, 569411, 435129, 1287915, 1290145, 5093150, 3597383, 540693]","[0.558017624991934, 0.5137461552362287, 0.5091157945261153, 0.4786213369911696, 0.46604795953161243, 0.46139420376603535, 0.45835635464326907, 0.4471757778857258, 0.4453669934624763, 0.43754477039137574]"
573572,"[4315900, 648655, 2783911, 2659739, 834303, 139993, 6583638, 4996626, 452443, 860860]","[0.5622943013416276, 0.5186621643724397, 0.5177802356076864, 0.5093958493198587, 0.47020337386223116, 0.46963915788015353, 0.4603527371346701, 0.4600455353665002, 0.4557258917292788, 0.44450629311556666]"
573594,"[48066, 982132, 3446267, 520376, 315082, 6057747, 1474701, 422906, 1324436, 461916]","[0.6906081206361587, 0.5523140319610331, 0.4898434918729029, 0.48287662901737194, 0.482636543277849, 0.4793921346868727, 0.47872770743663273, 0.4775271597647142, 0.47400977232668606, 0.46664713935653845]"
575926,"[6836720, 139821, 930436, 573181, 6604347, 1124796, 2662674, 1135937, 4060531, 4639701]","[0.5328068788355987, 0.52007131941483, 0.4840914515945698, 0.43053811243164253, 0.425514312120549, 0.42505265875355036, 0.42133485844459995, 0.41176473198606145, 0.40997153080238147, 0.40842163884815663]"
594425,"[4586552, 1268, 64110, 2722169, 860860, 6565374, 6599375, 139993, 1485843, 422906]","[0.8182851771553171, 0.8072057581975682, 0.7610018618950221, 0.7478592583372751, 0.6948740923236774, 0.688506251041872, 0.6452612563798172, 0.6240060965400915, 0.6129351015142975, 0.6107111085753925]"
598027,"[48066, 1135936, 4613633, 1229442, 4641579, 1356977, 1324436, 435111, 353883, 4996628]","[0.47277346159575806, 0.42233775425618447, 0.40345524444366254, 0.4011849114045002, 0.39798259618668563, 0.3933487706318315, 0.3924423971246678, 0.3601082396017081, 0.3576863770588609, 0.35649739109439726]"
626493,"[18423, 648648, 5612, 2809493, 127349, 981, 176376, 1502904, 4996628, 573572]","[0.7843796126772853, 0.4242777273967304, 0.41008738751015783, 0.3739964875118381, 0.35118386648892885, 0.3491521549854705, 0.34369507073652533, 0.34207394652319595, 0.33881255663402754, 0.3189233461660494]"
626907,"[654419, 353931, 479, 569411, 1290145, 4613633, 361744, 44879, 353883, 3445855]","[0.6416799463421183, 0.4078659730727676, 0.39887165426538523, 0.3897044105417088, 0.38305099439803136, 0.38247657868368967, 0.3823783802086068, 0.380683654719022, 0.3767857406578539, 0.3731869437210337]"
646041,"[1268, 4586552, 2645328, 594425, 1135935, 2722147, 301196, 5722072, 648648, 792460]","[0.5094717772161497, 0.5089560716525143, 0.4923106164303278, 0.49141630147510673, 0.4772144707286908, 0.4727076188984442, 0.4711737899266514, 0.4630019641802724, 0.4624642693061123, 0.4586496093876407]"
648648,"[3446266, 2722147, 5722072, 4996634, 2645328, 301196, 1135935, 648660, 4613636, 692836]","[0.8132296373545713, 0.7906519926797813, 0.7478349142271405, 0.735466982220225, 0.7249446632274519, 0.7218254364680682, 0.7176107950146033, 0.6590175916135796, 0.6544359041426951, 0.6422410323291978]"
648655,"[2659739, 2783911, 452443, 456559, 4996626, 448344, 4315900, 834303, 139993, 6565374]","[0.8136494572062205, 0.7743405232956628, 0.7090341310364773, 0.7080748179432932, 0.6889520087053452, 0.6550274718121165, 0.651111104388712, 0.6178027625033216, 0.6060452843680876, 0.5449846104030284]"
648660,"[1010793, 1135935, 648648, 3446266, 2722147, 1324436, 248367, 4613636, 5722072, 9471]","[0.8495007325099365, 0.7118093007191544, 0.6590175916135796, 0.6340249199606349, 0.6326641703342442, 0.6156699386154199, 0.6148084379843287, 0.6022397775986698, 0.588888123108126, 0.5848038956220101]"
648691,"[540693, 2809492, 5880612, 573572, 4970778, 68138, 127349, 7066986, 374235, 3621135]","[0.4250446665609631, 0.37925856989998874, 0.36626716561815464, 0.36488835409751885, 0.3584559215291029, 0.35542986543229255, 0.343365525299846, 0.3422056279894334, 0.3419522221771406, 0.3365750795266044]"
654419,"[626907, 3756794, 361744, 3445855, 44879, 1080669, 173656, 422911, 1129386, 1066972]","[0.6416799463421183, 0.4873539293826279, 0.4857821687878765, 0.4730410050112487, 0.46902721647273604, 0.4668653287458295, 0.4505503088366384, 0.44300905296507076, 0.4421738616632859, 0.4416215969124975]"
654428,"[5177218, 26651, 139821, 257862, 4613638, 3756792, 766529, 5880612, 3772408, 3652978]","[0.5419998603762308, 0.4684936591623486, 0.4568208273104586, 0.44689021969397535, 0.4445013646225805, 0.424170680573166, 0.41537741218196933, 0.4081217186799324, 0.40270359443570974, 0.40268975170790533]"
681194,"[422905, 173656, 3955548, 374235, 3433811, 692818, 44879, 6565374, 422911, 461912]","[0.70212864075754, 0.7014327507045766, 0.6198977602680182, 0.5973764690231342, 0.5902355629303593, 0.5707660498830847, 0.5599967663503223, 0.5503106432350277, 0.5393012465012192, 0.5392958043726329]"
684657,"[551016, 5360837, 815797, 4315900, 3597383, 2783911, 4641579, 3445855, 3955548, 6599370]","[0.4959816783591733, 0.4583270548595233, 0.4506486837897218, 0.44977203766587376, 0.4476935975223722, 0.4476400025939299, 0.44560193883323856, 0.43872251879351326, 0.43851723078447025, 0.43786659677647977]"
692818,"[681194, 860860, 173656, 374235, 422905, 4613635, 513103, 2645335, 1134707, 3433811]","[0.5707660498830847, 0.5246215789287559, 0.4934190319462415, 0.4837445039925122, 0.45567094500260275, 0.447070711498307, 0.4408809289468065, 0.4405245535030364, 0.42403585623576934, 0.4236564901872007]"
692836,"[250, 4613636, 3621135, 461910, 127349, 4996634, 457014, 36379, 2645328, 1135935]","[0.8321818257856383, 0.8092144695917098, 0.8002151832999569, 0.7918010342630044, 0.7606116019462166, 0.7513442702178892, 0.7394047520747352, 0.7329151760388445, 0.7306180534738689, 0.714821378171308]"
739418,"[3494211, 4315900, 815797, 456559, 2659739, 648655, 2783911, 139993, 1287936, 2722149]","[0.68055846528149, 0.5393523593312319, 0.518033614592736, 0.5180189653218226, 0.5092852030567652, 0.5049692775409504, 0.4794398142785066, 0.47292435262508475, 0.4561641693391685, 0.4550415458621648]"
766520,"[209282, 374238, 250, 3621135, 457014, 36379, 3626216, 692836, 127349, 461910]","[0.699727535556139, 0.5982009203821321, 0.4348127752036117, 0.4301384843845406, 0.41333577784529685, 0.3935476377307585, 0.39188296236711806, 0.37378124712488653, 0.3626831003127583, 0.3596107401680909]"
766529,"[26651, 44879, 139821, 374233, 6028352, 6836720, 2809976, 654428, 36379, 3756792]","[0.4934852118722877, 0.4760710060101795, 0.4691061956811188, 0.4461297480415445, 0.44319413767061366, 0.43038941067544767, 0.42371510868024265, 0.41537741218196933, 0.4147866154011013, 0.41328911342323643]"
771559,"[9471, 315084, 248367, 1268, 173656, 315082, 1010793, 1080669, 4394259, 3597383]","[0.67066803657415, 0.6294174606932952, 0.62407301153739, 0.5981817273461179, 0.5962079473649529, 0.5808611291024436, 0.5624087050274067, 0.5571078152287392, 0.5549686051078375, 0.5527649924981746]"
774771,"[301196, 5525816, 461912, 1135935, 564441, 2645328, 4996634, 2722147, 648648, 3446266]","[0.50063736707589, 0.49316388146762663, 0.4535326292795257, 0.42966806978386085, 0.4262690058310036, 0.4226840348214184, 0.4179977905252907, 0.4116169976443096, 0.4106866124106401, 0.406047872201603]"
781070,"[8078, 456562, 6604346, 3955547, 4283093, 4039424, 48066, 520376, 465454, 573594]","[0.4899794724324426, 0.45314634501387807, 0.39936987661128487, 0.38464702618240176, 0.3774063460933073, 0.3718393037574232, 0.3695872618184117, 0.36774681957823363, 0.35885469498264777, 0.3581264011570467]"
784419,"[2809976, 189912, 573181, 343888, 1502904, 23694, 139821, 4996628, 766529, 5360838]","[0.4763052923318595, 0.45489995696984253, 0.4311246945763979, 0.4306629823206203, 0.42565441549766714, 0.40863173663160296, 0.39324870142493457, 0.3851724992172182, 0.3771478389772135, 0.36362794126993236]"
784422,"[1134707, 3626216, 376843, 1474701, 4996626, 3446264, 7308001, 785729, 376842, 692818]","[0.43448060883045125, 0.43243087522559936, 0.4183411017586366, 0.41156982913812495, 0.3946101817896449, 0.3682402893341701, 0.3624235131872579, 0.3547226189919779, 0.3459251175881456, 0.34177510544183315]"
785729,"[7308001, 1134707, 376842, 1135935, 2722147, 4996634, 2645328, 3446266, 301196, 374238]","[0.4669035424063756, 0.45146268617118895, 0.41626191562781356, 0.41098764352793377, 0.40135344403399376, 0.39877846360920016, 0.3842542262343278, 0.38297496795523617, 0.37414639654603266, 0.36842336277933996]"
787778,"[257862, 981, 654428, 7066986, 4996628, 569411, 573594, 551016, 361744, 648660]","[0.5153539461872688, 0.41800023942003356, 0.3777600152479406, 0.3749369623273917, 0.36337950672489217, 0.35232583138337337, 0.34752357665971134, 0.3408552456522799, 0.3371761525964869, 0.33418879754340997]"
792460,"[286417, 190741, 248367, 4586552, 9471, 1268, 771559, 448344, 646041, 860860]","[0.6845873417829444, 0.6571201042153914, 0.532577215733921, 0.49618128088280516, 0.4862637349998366, 0.47723500225667387, 0.46445753882605834, 0.46253842712189397, 0.4586496093876407, 0.44909749041109837]"
815797,"[2722149, 2783917, 1287915, 4060539, 4148779, 1502902, 3433811, 1502905, 3621132, 6599370]","[0.648221903126083, 0.6251594738730603, 0.6123229414317168, 0.607011122232031, 0.5955621544149685, 0.5788388833881155, 0.5660937707483877, 0.5654077558967577, 0.5598474452686688, 0.5489739616659475]"
822104,"[4970778, 176376, 5177218, 3756792, 860860, 4613638, 3772408, 4641579, 551014, 692818]","[0.5380032442759483, 0.4361392413307248, 0.42521857755358566, 0.4120193422865177, 0.40458930981547175, 0.3998256025771091, 0.3930571067829468, 0.38839158436018745, 0.38277541941293863, 0.38198197934571]"
834303,"[2659739, 2783911, 648655, 461916, 139993, 452443, 4315900, 448344, 4996626, 456559]","[0.6472354459704268, 0.6277716832231182, 0.6178027625033216, 0.5846813703941658, 0.5775802456195047, 0.5671817593915567, 0.5569231075898853, 0.5525826669255456, 0.5510642368542302, 0.5421655117555061]"
860860,"[6565374, 64110, 1268, 4586552, 2722169, 594425, 448344, 1485843, 1473197, 3621135]","[0.8032732560348657, 0.7746902589704927, 0.7529882847145393, 0.7382689338301522, 0.7343195514093322, 0.6948740923236774, 0.6103846312389528, 0.6024771727346174, 0.5948147745665648, 0.5927360039142366]"
861356,"[448344, 3772408, 1124808, 3756803, 1485843, 3756792, 26651, 1129386, 692836, 3446264]","[0.49302535993367297, 0.414252966278811, 0.4140629415908935, 0.4113700144465957, 0.39488555442373674, 0.3878519461863653, 0.3718696456150976, 0.36793736527255677, 0.36757396586521957, 0.3633765335124969]"
930436,"[2662674, 1129386, 422906, 139821, 1485843, 435129, 44879, 1080669, 6565374, 422911]","[0.7266943847072491, 0.6059884900770683, 0.5742919981164933, 0.5731363439893893, 0.5673568490438018, 0.5626442748566203, 0.559860681803082, 0.5554841171744493, 0.5482543399036657, 0.541695350738344]"
950973,"[1268, 1124796, 2645335, 4586552, 2722169, 3446266, 374235, 315082, 2722149, 594425]","[0.6113601340872904, 0.5972253078711621, 0.5842022732122583, 0.5512121517075388, 0.5476687552602988, 0.5368090676017375, 0.5367001534473028, 0.5304167820243328, 0.5271713689086015, 0.5270869763582895]"
982132,"[315082, 422906, 1485843, 461917, 520376, 1129386, 1324436, 452442, 42114, 1473197]","[0.645263681991127, 0.6367085508480355, 0.6068023328171005, 0.6025412228468874, 0.5987674658158715, 0.5938531755932711, 0.592421556151536, 0.580902077495679, 0.5668764610840573, 0.5653176449279435]"
995305,"[1473807, 3955543, 437390, 2722144, 41880, 139993, 1485846, 4633369, 68138, 2809497]","[0.8410528411023634, 0.7391774914547651, 0.5781193704667741, 0.49531485933301966, 0.47576407111885194, 0.4292254939755629, 0.42695290944856557, 0.4249438358882625, 0.4225791976132504, 0.396934552714878]"
1010793,"[648660, 1135935, 248367, 6565374, 2722147, 4586552, 3446266, 9471, 64110, 648648]","[0.8495007325099365, 0.7295850125329347, 0.6357447436663324, 0.6322834638248476, 0.6284481731464455, 0.6216871993491696, 0.6179595669497923, 0.6118578166597559, 0.608584896970906, 0.605326283243742]"
1044490,"[1366625, 1171873, 1290145, 1044492, 4060531, 6836720, 5360838, 5360837, 3955542, 5202105]","[0.6093873643496674, 0.5525893175241687, 0.5161727709220335, 0.50414089132191, 0.49125834711296357, 0.44494955038933265, 0.4436268306932958, 0.4216666630110387, 0.41409231403814484, 0.40774295611630007]"
1044491,"[1290, 3753166, 73008, 452442, 6836720, 139993, 14410, 1485843, 456559, 452448]","[0.7550867471168083, 0.6601735783100824, 0.6334557583819356, 0.5765145013492816, 0.5710899563388652, 0.5542425139388977, 0.5477179696197463, 0.5272379236513001, 0.521869429676431, 0.521712234136426]"
1044492,"[1290145, 1366625, 1171873, 1135934, 6604347, 456559, 5360837, 1044490, 930436, 2697394]","[0.7589325901545725, 0.6577557749435998, 0.5779747468912331, 0.5698157898617994, 0.5341793696092932, 0.521874722106354, 0.505821551405603, 0.50414089132191, 0.4785094789994918, 0.47596948593865296]"
1058010,"[6599374, 422905, 3652978, 461912, 196392, 5880612, 2722174, 301196, 452449, 18423]","[0.46362175610493783, 0.4596924950490434, 0.45122541038656383, 0.442655819733615, 0.4154623207608428, 0.4145679590275081, 0.40152870562845494, 0.40071541428439744, 0.39909432794466265, 0.39611851538359943]"
1066972,"[1010793, 4586552, 648660, 1268, 594425, 2722169, 422911, 1135935, 64110, 452449]","[0.5812523497788729, 0.5720213882304169, 0.5612344599450625, 0.5466891788626939, 0.5250604964074135, 0.5130050463729482, 0.5053283788453928, 0.5000796617137357, 0.4981423947591283, 0.4974964998915218]"
1080669,"[68508, 4970783, 461912, 435129, 44879, 771559, 930436, 173656, 361744, 1124796]","[0.8864797033560792, 0.6911798464408505, 0.5854719039585046, 0.5762727513016086, 0.5586573831977242, 0.5571078152287392, 0.5554841171744493, 0.5529338672207749, 0.5458017732902664, 0.5358959840612244]"
1124796,"[435129, 361744, 950973, 573181, 44879, 374233, 1080669, 3772408, 4613638, 930436]","[0.6446386660162966, 0.6198996439063023, 0.5972253078711621, 0.558017624991934, 0.5530054627450265, 0.5445631359815726, 0.5358959840612244, 0.5349594645405211, 0.5333744038660208, 0.5310459730624807]"
1124808,"[3621135, 4613638, 3756792, 692836, 36379, 374235, 127349, 374233, 6565374, 435129]","[0.5944494280786292, 0.5490135668625434, 0.5482887797152523, 0.5421655396064131, 0.5375708137978087, 0.5201242856484449, 0.5061049228976011, 0.5020018993194295, 0.49995925665528984, 0.4774163635131867]"
1129386,"[2722148, 1217419, 422906, 1485843, 1324436, 452442, 1473197, 315082, 1485845, 461917]","[0.7765877855270907, 0.7377932960496424, 0.682387580228494, 0.6820774837221177, 0.6780519492864681, 0.6625786375074247, 0.6581239526919046, 0.651301777747141, 0.6359286377923546, 0.6235252274577152]"
1134707,"[7308001, 785729, 784422, 692818, 277502, 4719644, 4432091, 1290, 573594, 2645335]","[0.624669624506082, 0.45146268617118895, 0.43448060883045125, 0.42403585623576934, 0.3429865959682297, 0.3109687572514733, 0.2989080503878706, 0.29588633025940436, 0.29350804076343484, 0.2890696597228816]"
1135934,"[1290145, 1044492, 6604347, 4039424, 834303, 452449, 1324436, 930436, 26651, 1485843]","[0.6002134823045523, 0.5698157898617994, 0.47792174486558436, 0.4746983444230145, 0.4634847526243485, 0.46148663296924736, 0.4588306659211431, 0.45479744312478243, 0.45149241897832393, 0.4514294212551471]"
1135935,"[4996634, 2645328, 461910, 2722147, 301196, 4613636, 2645329, 1010793, 250, 648648]","[0.8969265790154399, 0.8823560203482443, 0.784852828862392, 0.7758804545318857, 0.7718050121892677, 0.7634855071273158, 0.7427357559780325, 0.7295850125329347, 0.7277797151699391, 0.7176107950146033]"
1135936,"[598027, 48066, 1290147, 5360839, 26651, 42142, 2645330, 5360837, 4060531, 1366625]","[0.42233775425618447, 0.39651000085738164, 0.390703500393351, 0.378900793116568, 0.3677317930866915, 0.36734772264002796, 0.3661863783715936, 0.3605766328769763, 0.35881009419805754, 0.3578178714900341]"
1135937,"[1366625, 139821, 3955542, 5202105, 6836720, 26651, 6604347, 4060531, 2662674, 3756792]","[0.49902893280019645, 0.49218878019937984, 0.48508087639826436, 0.466246979786456, 0.4625804000814412, 0.45536734868579476, 0.45061749009472796, 0.4471822946851485, 0.44689616827148204, 0.4458042956139357]"
1171833,"[1502905, 2722155, 4148779, 2722149, 3621132, 2783917, 6599370, 4060539, 2645329, 1502902]","[0.8974135257025505, 0.7756471878759614, 0.6754758286510697, 0.6425459701246742, 0.6200349305667388, 0.6176681567037757, 0.6027588775946693, 0.5934531913301953, 0.592688763513922, 0.578730342065428]"
1171873,"[1366625, 1044492, 4283093, 1044490, 1290145, 2777822, 5360838, 1044491, 456559, 2697394]","[0.6087589204021432, 0.5779747468912331, 0.5573116496867332, 0.5525893175241687, 0.5276005503775786, 0.49747437092777225, 0.4751786963737154, 0.47286740913583347, 0.4613858650926844, 0.4366572583134999]"
1181100,"[3772408, 4970783, 6028352, 479, 36379, 4060531, 435129, 930436, 2662674, 4749403]","[0.5461442107897134, 0.5428427479789293, 0.542818650876159, 0.5201792614947955, 0.5100363853150701, 0.5048231986624455, 0.48546736970112375, 0.47600047660046074, 0.4754280066802136, 0.47167413318640333]"
1217419,"[2722148, 1129386, 452449, 6599375, 594425, 1268, 2659739, 3955543, 2722169, 3955548]","[0.9554666377952927, 0.7377932960496424, 0.5978881433922296, 0.5807768964031557, 0.574678278575038, 0.5578190667155686, 0.5495487700419923, 0.5357123709577359, 0.5351102798699408, 0.5167564577858753]"
1229442,"[4692430, 930436, 1356977, 1124796, 435129, 569411, 4613638, 4613635, 4432091, 361744]","[0.7126546112808558, 0.5212155721962419, 0.4916949155355307, 0.486981785845496, 0.47768213431482553, 0.46993226333666815, 0.4667485844980534, 0.46532869249131165, 0.46202126602868865, 0.45855696981153427]"
1285508,"[1268, 1485843, 594425, 315082, 64110, 422906, 448344, 452449, 564441, 1129386]","[0.5856562068903483, 0.571030597352827, 0.5262640262554249, 0.5164961075855039, 0.5159647485947775, 0.5054806353763761, 0.5020282764074113, 0.4988972021392028, 0.4985529718399526, 0.4975774077910868]"
1287915,"[2783917, 4060539, 1502902, 6599370, 3621132, 2645338, 2777822, 4719644, 815797, 2722155]","[0.8578764336478808, 0.802747747331806, 0.802615364026813, 0.7898181008725462, 0.7880689014675477, 0.7549631328969106, 0.6755396015227457, 0.6257250915752642, 0.6123229414317168, 0.6003430122287936]"
1287936,"[2722149, 1502905, 4148779, 815797, 2722155, 1502902, 4039424, 4060539, 139993, 422906]","[0.555387216528838, 0.5173782218428129, 0.5081972604116111, 0.4966211621495891, 0.49013331129136783, 0.48979184752606886, 0.48615639117388165, 0.479457387222855, 0.47405755156581564, 0.47023090127010186]"
1290145,"[1044492, 1366625, 1135934, 5360837, 1171873, 176376, 1044490, 6604347, 452449, 353883]","[0.7589325901545725, 0.6122681873642954, 0.6002134823045523, 0.5504170993395551, 0.5276005503775786, 0.5252363489183862, 0.5161727709220335, 0.5155271525331985, 0.5078823056197019, 0.5068846180950206]"
1290147,"[1366625, 4060531, 26651, 1135937, 5202105, 1044492, 6604347, 3955542, 2662674, 1135936]","[0.4668632785515355, 0.4398194909932015, 0.43251238931111635, 0.42370465671392676, 0.422930772974521, 0.41451296687765127, 0.40918600571068264, 0.40827827374495135, 0.3924270695344072, 0.390703500393351]"
1324436,"[452442, 1485843, 422906, 315082, 220091, 452448, 262993, 42114, 1473197, 1129386]","[0.8665770626652904, 0.8473777476718994, 0.790366362393121, 0.7656987169834193, 0.7447977984239949, 0.7271192161515557, 0.7248413035839336, 0.7146122520483589, 0.6838190511837265, 0.6780519492864681]"
1356977,"[2662674, 1229442, 930436, 5360838, 1017, 189912, 139821, 2809976, 1181100, 6836720]","[0.5252315876639058, 0.4916949155355307, 0.4872824423160659, 0.462312681638353, 0.4617290016080802, 0.41935417278005294, 0.4160231855988734, 0.4040279441600967, 0.4036607233861307, 0.402862088798046]"
1366625,"[1044492, 1290145, 1044490, 1171873, 456559, 3955542, 452448, 1044491, 1135937, 2662674]","[0.6577557749435998, 0.6122681873642954, 0.6093873643496674, 0.6087589204021432, 0.5306216600790018, 0.5054752091495212, 0.504826188825884, 0.5034912073350333, 0.49902893280019645, 0.49360075112603885]"
1473197,"[422906, 315082, 452442, 220091, 262993, 1485845, 1485843, 452448, 1268, 42114]","[0.8382387446992647, 0.7636711340777989, 0.7499910790533956, 0.7469848032898705, 0.7305633607098199, 0.7243058081880702, 0.7198581622471327, 0.7090768285395455, 0.6944233094244066, 0.694078195281226]"
1473807,"[995305, 3955543, 437390, 2722144, 41880, 6836720, 3621135, 189912, 139993, 36379]","[0.8410528411023634, 0.7583453669743087, 0.536263048288508, 0.4555925979236545, 0.43576153643408977, 0.43279986529790737, 0.428033110483945, 0.4123762257694962, 0.4025464732906363, 0.4016981066360906]"
1474701,"[48066, 3446267, 573594, 435111, 42085, 784422, 6604346, 2645330, 8078, 456562]","[0.5399408376564093, 0.5008322820770386, 0.47872770743663273, 0.47496146903077074, 0.43564526631699935, 0.41156982913812495, 0.3832332264156232, 0.37704658795336315, 0.37259761626409177, 0.3452674132145652]"
1474924,"[3445855, 160488, 3756803, 2809496, 4613633, 353883, 4996628, 479, 1124796, 44879]","[0.48726142207373835, 0.48045275522817615, 0.4723741292615921, 0.44484433325846684, 0.43850325967289683, 0.4339253533363926, 0.41527741718270406, 0.4054674479686645, 0.4044724814373569, 0.4030862802115064]"
1485843,"[452442, 1324436, 422906, 452448, 262993, 315082, 1485845, 1473197, 220091, 42114]","[0.8835275120476493, 0.8473777476718994, 0.8027868064866607, 0.7632188625825058, 0.7439822205578102, 0.7232146268852664, 0.7216730886639171, 0.7198581622471327, 0.7076970238630378, 0.6905162313147692]"
1485844,"[250, 692836, 2645329, 456562, 1485843, 4613636, 5360840, 461910, 456563, 457014]","[0.5657612039808908, 0.5109218232540287, 0.49701638748886756, 0.4809058251255566, 0.47543285481469866, 0.47253722659768616, 0.4708077962242595, 0.4641350965039407, 0.4614028516010158, 0.46083314338959447]"
1485845,"[1473197, 1485843, 422906, 220091, 1129386, 452442, 1324436, 315082, 262993, 1268]","[0.7243058081880702, 0.7216730886639171, 0.7163779475938834, 0.6429772067647276, 0.6359286377923546, 0.6260640407982041, 0.6239768858467605, 0.6222803152434703, 0.6212760695580348, 0.598062612911346]"
1485846,"[461916, 1324436, 3445855, 4613636, 834303, 3955543, 361744, 648660, 995305, 315084]","[0.49877735412851076, 0.4648312266461585, 0.4556616243899685, 0.4472010422295957, 0.4358539295943453, 0.4357755654560773, 0.4336562623334107, 0.43262454584681065, 0.42695290944856557, 0.4266437480849013]"
1498580,"[1502902, 2777822, 4060539, 1502905, 1287915, 3621132, 4719644, 2783917, 2722155, 3955542]","[0.607561720368343, 0.6039768416160824, 0.5963292737841924, 0.581277184832734, 0.5735245433131373, 0.5705969708757269, 0.5668407911058346, 0.5410329073851073, 0.5170427519502228, 0.5095780152111314]"
1502902,"[2645338, 4060539, 2783917, 3621132, 1287915, 6599370, 2777822, 4719644, 4148779, 1502905]","[0.8584876239748541, 0.8560034748335337, 0.8559481860293455, 0.853528742882564, 0.802615364026813, 0.7949146335587618, 0.7516218788957425, 0.7063582563869064, 0.6274316687632833, 0.610346251600066]"
1502904,"[1290145, 139821, 1044492, 5360838, 6028352, 784419, 2809976, 343888, 189912, 1366625]","[0.4542862471920973, 0.44739831512354866, 0.43976160791288643, 0.4287794266148143, 0.4272872143284919, 0.42565441549766714, 0.4079591226703848, 0.39837695628175784, 0.3933712266041042, 0.39320794349658317]"
1502905,"[1171833, 2722155, 4148779, 2722149, 2783917, 4060539, 2777822, 1502902, 3621132, 6599370]","[0.8974135257025505, 0.8076863593340704, 0.7058587877423648, 0.6594955097140405, 0.6413233613826825, 0.6285948896345155, 0.6200484571366042, 0.610346251600066, 0.6070137311197141, 0.5814269878265435]"
2645328,"[4996634, 1135935, 301196, 2722147, 250, 2645329, 461910, 692836, 648648, 3446266]","[0.9351207798199301, 0.8823560203482443, 0.7781051164235553, 0.7641336138473757, 0.7520652971615762, 0.7465098798753671, 0.7447074478159685, 0.7306180534738689, 0.7249446632274519, 0.7177726725797622]"
2645329,"[250, 4996634, 2645328, 1135935, 461910, 4613636, 692836, 457014, 3621135, 127349]","[0.8078934215681794, 0.7967993534908615, 0.7465098798753671, 0.7427357559780325, 0.7387659315054176, 0.7282756584921275, 0.7134035165717852, 0.7056275058411059, 0.664999854486567, 0.639294336199179]"
2645330,"[42085, 8078, 456562, 2645334, 2645331, 48066, 2809991, 6604346, 2722163, 139993]","[0.7952585242948103, 0.5692352670690617, 0.5216384006911876, 0.5210268293472605, 0.5138692749690316, 0.5042869450280963, 0.48467613164790124, 0.4670069055597611, 0.44413970883715204, 0.4396320963827832]"
2645331,"[2722163, 42085, 2722162, 24093, 2645330, 4039424, 3955545, 3445858, 950973, 456562]","[0.5803620878727068, 0.573815729340557, 0.5685553991849188, 0.5297794069490227, 0.5138692749690316, 0.47084262044084335, 0.4555073315374606, 0.4531859468174382, 0.4528322545198199, 0.4416578788691373]"
2645334,"[2645340, 2722137, 2645336, 42085, 2645330, 2645338, 2809991, 8078, 456562, 139993]","[0.8119333852222635, 0.7696875245290601, 0.5285091850250995, 0.5262991804552343, 0.5210268293472605, 0.45305428256681235, 0.4510088390188006, 0.43476897251472346, 0.4234738768119773, 0.41366807498940605]"
2645335,"[374235, 950973, 1268, 681194, 573594, 6599375, 60541, 301196, 6583638, 3433811]","[0.7057015503091366, 0.5842022732122583, 0.5074160903983855, 0.5047781082206917, 0.4546643034548788, 0.4542369998109624, 0.45259699021901045, 0.452260540524665, 0.44891294713492647, 0.44435221642199824]"
2645336,"[513815, 2809991, 2722144, 5694317, 2645334, 2645340, 2722137, 3772408, 2645330, 42085]","[0.7146716329059697, 0.7046159679334238, 0.6958888106724352, 0.6395967102048438, 0.5285091850250995, 0.49502705962121757, 0.48395815458220687, 0.4537298924513523, 0.41371603497618153, 0.41051441569792557]"
2645338,"[1502902, 2783917, 3621132, 4060539, 6599370, 1287915, 2777822, 4719644, 4148779, 2722155]","[0.8584876239748541, 0.8102317556670722, 0.8036132805990688, 0.7813763747215168, 0.7794332004916983, 0.7549631328969106, 0.7148189837389427, 0.5862203958230272, 0.5666450966165926, 0.5523134690670968]"
2645339,"[1473197, 3955547, 2662674, 456563, 930436, 422906, 1485845, 1285508, 220091, 262993]","[0.5555492138554159, 0.5370888436564583, 0.528502976822038, 0.524453942183883, 0.5036131893441054, 0.49425703607685156, 0.4938166544467876, 0.4832511362047306, 0.4830654422663464, 0.45893568879564395]"
2645340,"[2722137, 2645334, 2645336, 2645338, 551016, 250, 68138, 1485846, 2722144, 7066986]","[0.9067349214733993, 0.8119333852222635, 0.49502705962121757, 0.4467591216002901, 0.41271595812689765, 0.4099004491834378, 0.38796530433073345, 0.378432589628978, 0.37766707637075536, 0.37674998858576525]"
2659739,"[456559, 452443, 648655, 2783911, 4315900, 448344, 4996626, 139993, 834303, 594425]","[0.8880440363389832, 0.8241660723908464, 0.8136494572062205, 0.767398212827251, 0.7436586368130469, 0.694365979303528, 0.6892184350770523, 0.6870826591450474, 0.6472354459704268, 0.5902405047383017]"
2662674,"[930436, 6836720, 2645339, 4060531, 1356977, 26651, 139821, 1366625, 456563, 3955545]","[0.7266943847072491, 0.5426996769682633, 0.528502976822038, 0.5275439360041666, 0.5252315876639058, 0.5135236341748606, 0.4960750685125027, 0.49360075112603885, 0.48894105196759674, 0.48119668573632546]"
2697394,"[5360838, 6604347, 5360840, 1290145, 1485843, 1044492, 5360837, 1366625, 452443, 456559]","[0.5669657430730002, 0.52454732998285, 0.5240943213093634, 0.5038763321395641, 0.4929536900550878, 0.47596948593865296, 0.4745349733409082, 0.4721186275041841, 0.4605470636407024, 0.45527050096662347]"
2722137,"[2645340, 2645334, 2645336, 2645338, 250, 551016, 2722147, 6836720, 7749427, 1485846]","[0.9067349214733993, 0.7696875245290601, 0.48395815458220687, 0.4127290416642022, 0.3926001203804361, 0.3925004384296764, 0.38254972806035514, 0.3790113490584093, 0.3731200294720821, 0.3662560560333357]"
2722144,"[513815, 2809991, 2645336, 5694317, 995305, 437390, 4633369, 3955543, 2809497, 1473807]","[0.7256587620534958, 0.7041648969494073, 0.6958888106724352, 0.6663511853492383, 0.49531485933301966, 0.4926869530885229, 0.4622394532299514, 0.4610040197666343, 0.4593824136479876, 0.4555925979236545]"
2722147,"[3446266, 648648, 4996634, 301196, 1135935, 2645328, 5722072, 5525816, 250, 648660]","[0.8449329394236182, 0.7906519926797813, 0.7867425038643543, 0.7783840603288146, 0.7758804545318857, 0.7641336138473757, 0.7335034997497023, 0.6725542339205721, 0.6667890033087132, 0.6326641703342442]"
2722148,"[1217419, 1129386, 1268, 6599375, 2722169, 594425, 452449, 6565374, 2659739, 139993]","[0.9554666377952927, 0.7765877855270907, 0.5864986739136961, 0.5828225947814418, 0.560338205374626, 0.557408955794788, 0.5565818447531479, 0.5456542988793363, 0.5413864957504113, 0.5327836598676791]"
2722149,"[2722155, 4148779, 1502905, 815797, 4060539, 1171833, 2783917, 6599370, 2722169, 2645329]","[0.6902561134797518, 0.6879033037426094, 0.6594955097140405, 0.648221903126083, 0.6435231340819476, 0.6425459701246742, 0.6180178724455261, 0.6160881423721609, 0.6070830914801926, 0.5930259229383512]"
2722154,"[2722174, 461910, 457014, 452443, 648655, 2659739, 2645329, 4633369, 681194, 1217419]","[0.7897545785741789, 0.4819022966115236, 0.46791089910326517, 0.4671163311111822, 0.4482299899264038, 0.4447828184874797, 0.4401725697404514, 0.43315898884183146, 0.4311234631383326, 0.4237431403089792]"
2722155,"[1502905, 1171833, 2722149, 4060539, 4148779, 2783917, 3621132, 1287915, 1502902, 6599370]","[0.8076863593340704, 0.7756471878759614, 0.6902561134797518, 0.6550519294504751, 0.6285527050685218, 0.6223592826727815, 0.6167022669035034, 0.6003430122287936, 0.5977111218389257, 0.5903985547099061]"
2722162,"[2722163, 2645331, 42085, 2645339, 950973, 6836720, 1485843, 2662674, 4039424, 1129386]","[0.8549359194531422, 0.5685553991849188, 0.49464733998949517, 0.4550910264286322, 0.44866242307196424, 0.4457652037943437, 0.44234880890849676, 0.44018691049791436, 0.4390818026549288, 0.4327221058127877]"
2722163,"[2722162, 2645331, 42085, 2645330, 6836720, 4060531, 2645339, 73008, 2662674, 1290]","[0.8549359194531422, 0.5803620878727068, 0.5206667463378286, 0.44413970883715204, 0.40622190865010477, 0.3745993053209473, 0.3725850599796492, 0.3711969180252523, 0.36501705177776683, 0.3616550044859325]"
2722169,"[1268, 4586552, 6565374, 594425, 64110, 860860, 1485843, 457014, 422906, 2722149]","[0.7984479089167575, 0.7801698893009326, 0.7594006404054718, 0.7478592583372751, 0.744497452745525, 0.7343195514093322, 0.6608869042776628, 0.6240752327055019, 0.613688330501529, 0.6070830914801926]"
2722174,"[2722154, 3955548, 422905, 173656, 681194, 452449, 1217419, 2722148, 452443, 448344]","[0.7897545785741789, 0.5573057282415042, 0.5269115521480723, 0.48947892916795044, 0.4539952993782636, 0.44823830327136566, 0.43800259329040037, 0.4343360599897064, 0.4142208790622262, 0.410825234028265]"
2777822,"[1502902, 4060539, 3621132, 2645338, 2783917, 6599370, 1287915, 1502905, 1498580, 4148779]","[0.7516218788957425, 0.7484152625712679, 0.7410263758130071, 0.7148189837389427, 0.6839433597194928, 0.6759805133141066, 0.6755396015227457, 0.6200484571366042, 0.6039768416160824, 0.590462449733828]"
2783911,"[648655, 2659739, 456559, 4315900, 4996626, 452443, 448344, 139993, 834303, 73008]","[0.7743405232956628, 0.767398212827251, 0.701888483756048, 0.6913625639928185, 0.6772437680755813, 0.6736556399347351, 0.6657723781601192, 0.650591088770701, 0.6277716832231182, 0.5675414951310793]"
2783917,"[1287915, 1502902, 3621132, 4060539, 6599370, 2645338, 2777822, 4148779, 1502905, 4719644]","[0.8578764336478808, 0.8559481860293455, 0.8170102593344833, 0.8111328833261383, 0.810575883592575, 0.8102317556670722, 0.6839433597194928, 0.6546582896575759, 0.6413233613826825, 0.6358481406256369]"
2809492,"[648691, 68138, 7066986, 626907, 1290, 6836720, 4970778, 3955546, 3445858, 3753166]","[0.37925856989998874, 0.3760248245448594, 0.30795151809899013, 0.2928372719926207, 0.2847142089403073, 0.269682154789204, 0.26521051150569436, 0.23543612725956226, 0.23417090948488442, 0.23291558446239016]"
2809493,"[4970778, 6599370, 684657, 1287915, 551016, 626493, 3597383, 435129, 654428, 189962]","[0.4301856134790858, 0.41277509621705444, 0.4039520769539362, 0.4013284955040656, 0.3782897106356812, 0.3739964875118381, 0.37098747405996896, 0.3662831464734615, 0.3635856102853739, 0.36143672193252724]"
2809496,"[6599370, 1287915, 1139, 2783917, 4970778, 3621132, 4060539, 2645338, 1502902, 160488]","[0.5983118547861879, 0.5520970349308363, 0.5385815241424639, 0.5360351880662345, 0.5275333179448293, 0.5145869836435941, 0.5061040218484345, 0.5030888824121956, 0.49111722014247605, 0.475637645246997]"
2809497,"[4633369, 3446264, 376842, 250, 1135935, 461910, 3626216, 4613636, 4996634, 692836]","[0.8863043201316642, 0.8464535185063082, 0.8412410415240081, 0.6585153605522567, 0.6433855920062739, 0.6231430723655678, 0.6175996784258235, 0.6105945828501581, 0.6089456038888579, 0.5951050475885538]"
2809976,"[189912, 930436, 1124796, 784419, 4639701, 1290145, 4613638, 2662674, 139821, 374233]","[0.5744656072643339, 0.5076613040945375, 0.4848641187084172, 0.4763052923318595, 0.47580903958636034, 0.46987066574583336, 0.4476475713564724, 0.44526799386554083, 0.4393634198129566, 0.43513991128966456]"
2809991,"[5694317, 513815, 2645336, 2722144, 3772408, 315082, 139993, 422906, 982132, 461917]","[0.8773284094977847, 0.7795824184677533, 0.7046159679334238, 0.7041648969494073, 0.5413303439890266, 0.52157878947394, 0.502313903126733, 0.5014340080090677, 0.5001495430002352, 0.49627597806578805]"
3433811,"[173656, 266374, 422905, 1268, 681194, 3955548, 594425, 815797, 2722149, 2722169]","[0.6674761092180086, 0.6311783977834952, 0.618002311599898, 0.5926984505156978, 0.5902355629303593, 0.5856182619725968, 0.5706316682999727, 0.5660937707483877, 0.5596403335283482, 0.5516135834196876]"
3445855,"[361744, 3597383, 315082, 6599370, 1324436, 4996628, 648660, 353883, 44879, 1129386]","[0.6075922542903263, 0.5827471560556449, 0.5725298719008092, 0.5636488292562296, 0.5510399046812514, 0.5498318775777682, 0.5399490186970052, 0.5398998470981798, 0.5328645801891561, 0.5010619617429818]"
3445858,"[3756794, 4586552, 127349, 2722169, 6565374, 594425, 1268, 3621135, 2645329, 6599375]","[0.7051807440526765, 0.603260962954564, 0.5896778948063012, 0.5862576283182123, 0.5806347133610472, 0.57932707528348, 0.5780396075518905, 0.5676360121747648, 0.5638955332173008, 0.5627463613673724]"
3446264,"[2809497, 4633369, 376842, 3621135, 692836, 250, 36379, 3626216, 1135935, 4613636]","[0.8464535185063082, 0.812710086438823, 0.758965275352482, 0.6440396762021077, 0.6373809808984958, 0.6172264249885708, 0.6165061829507543, 0.607431411917733, 0.5985722224642147, 0.5870803592426872]"
3446266,"[2722147, 648648, 4996634, 5722072, 301196, 2645328, 1135935, 648660, 5525816, 1010793]","[0.8449329394236182, 0.8132296373545713, 0.7461345554195198, 0.7407840173160661, 0.7389656400154765, 0.7177726725797622, 0.7127241174321934, 0.6340249199606349, 0.6210221119457574, 0.6179595669497923]"
3446267,"[48066, 1474701, 573594, 461916, 6604346, 5360839, 6057747, 4613638, 42085, 3756792]","[0.58255173406265, 0.5008322820770386, 0.4898434918729029, 0.469396259831035, 0.4492237833641985, 0.4176894670809563, 0.3812517574190186, 0.376244365064221, 0.35895377792201355, 0.3570646452400797]"
3494211,"[739418, 2659739, 2783911, 139993, 648655, 456559, 4996626, 815797, 4315900, 448344]","[0.68055846528149, 0.5571741089110724, 0.5470009575112723, 0.5275252798628716, 0.5096940596283679, 0.49859548340251597, 0.48592764543832173, 0.47583498760685494, 0.4695705284204144, 0.44870144042720994]"
3494214,"[513103, 315082, 2722169, 815797, 452449, 3955548, 5360837, 594425, 2809991, 4586552]","[0.5165261900000608, 0.49742356177249225, 0.4939696337291378, 0.48089152247151534, 0.47559062833071264, 0.46935931721837687, 0.4663635869390327, 0.45940741976437616, 0.4556051252393909, 0.44701865107442706]"
3597383,"[361744, 9471, 3445855, 4996628, 648660, 771559, 569411, 648648, 4613635, 4613636]","[0.7450029892535717, 0.648862858437585, 0.5827471560556449, 0.5710300100313594, 0.5704461525915655, 0.5527649924981746, 0.5452278895631266, 0.533381727433606, 0.5322566421331065, 0.5286967468806867]"
3597385,"[3621135, 36379, 250, 374238, 3756794, 692836, 3445858, 209282, 2645329, 139993]","[0.4898725896429955, 0.48137040053226593, 0.4635418810387847, 0.4544324732149281, 0.45423340025578296, 0.43871935725923694, 0.43690532116143677, 0.4358474463655991, 0.4327493050525809, 0.42659026528061184]"
3621132,"[1502902, 4060539, 6599370, 2783917, 2645338, 1287915, 2777822, 1171833, 4719644, 2722155]","[0.853528742882564, 0.8267972620239847, 0.8245688404346879, 0.8170102593344833, 0.8036132805990688, 0.7880689014675477, 0.7410263758130071, 0.6200349305667388, 0.6173302210742739, 0.6167022669035034]"
3621135,"[36379, 692836, 127349, 250, 461910, 457014, 4996634, 4613636, 6565374, 2645329]","[0.8284113985533537, 0.8002151832999569, 0.798969943039858, 0.7858728078594501, 0.7257681748597131, 0.7190015179829481, 0.718803535876297, 0.7169194381594057, 0.6795140604053111, 0.664999854486567]"
3626216,"[4633369, 2809497, 3446264, 250, 452443, 457014, 376842, 2659739, 1135935, 36379]","[0.6263138682578835, 0.6175996784258235, 0.607431411917733, 0.5690362022472519, 0.564541559261838, 0.5487864601707935, 0.5466400266742041, 0.5421883412490672, 0.53932729856326, 0.5286443144200328]"
3652978,"[461912, 422905, 1058010, 5177218, 5880612, 4432091, 771559, 301196, 6565374, 513103]","[0.5461441482478637, 0.4634215029887703, 0.45122541038656383, 0.4468321279368911, 0.44451078916592773, 0.4438956816719237, 0.43265367649718384, 0.4219240878983927, 0.4209339974449907, 0.4157455254301229]"
3705524,"[4060539, 1287915, 139993, 42114, 2645330, 3621132, 1498580, 2722155, 42085, 422906]","[0.4792703450261776, 0.47584582815982257, 0.4685526624331092, 0.457518438348539, 0.4384703949013018, 0.43370121268617395, 0.4310898754377829, 0.42579579804936735, 0.42469497695207814, 0.42244289968363724]"
3705529,"[5360837, 1290145, 4749403, 6604347, 343888, 2809976, 452449, 68508, 176376, 5360840]","[0.47971238553522955, 0.4401907035727471, 0.4283739978710299, 0.4234304133537426, 0.4058330182776394, 0.3957938819100457, 0.39364043010892574, 0.3929384162181632, 0.39149817430283573, 0.38457430041701723]"
3753166,"[73008, 1044491, 14410, 1290, 456559, 2659739, 452443, 4633369, 68138, 3446264]","[0.7230342502716571, 0.6601735783100824, 0.5934430799413211, 0.5448889449543963, 0.5184249822439035, 0.5161072321865425, 0.489193158319563, 0.47486727534619966, 0.4716353817533775, 0.46110855316992505]"
3756792,"[374233, 4613638, 435129, 1124808, 3772408, 139821, 361744, 4970778, 930436, 1124796]","[0.8761079757120857, 0.8439568814678404, 0.5774574740689078, 0.5482887797152523, 0.5388152023725914, 0.5285070281893095, 0.5269113088089464, 0.5123997604917501, 0.5037377138240323, 0.5019149075128276]"
3756794,"[3445858, 4586552, 4613636, 5722072, 1268, 461910, 648648, 594425, 2645329, 6599375]","[0.7051807440526765, 0.6672256253226516, 0.6330898640536113, 0.6230831891902704, 0.614484627430009, 0.5812153992951252, 0.5798556584127146, 0.5779564563704076, 0.5775055342685218, 0.5728159860628226]"
3756803,"[4613633, 3772408, 479, 160488, 44879, 343888, 5612, 1474924, 361744, 4996628]","[0.5495330144842823, 0.5163883199354099, 0.5140680735248833, 0.5053880413380345, 0.4982886576370821, 0.4894985190829967, 0.47521807687038786, 0.4723741292615921, 0.4701672139219152, 0.46928880561551]"
3772408,"[540693, 435129, 479, 513103, 44879, 3621135, 6028352, 4970783, 513866, 361744]","[0.686318725403892, 0.6836896046172984, 0.6316197247611338, 0.6316044731694075, 0.5981118080492454, 0.5830368125624398, 0.5814884490178331, 0.5804599643715136, 0.5688943057406642, 0.5648148657325263]"
3840762,"[648655, 4315900, 2659739, 2783911, 834303, 435129, 4970783, 815797, 4996626, 456559]","[0.5353544934499631, 0.4776072849435633, 0.4669806621842703, 0.46424321012375513, 0.46277079124467757, 0.4539535726010654, 0.438987712903972, 0.4387978961246538, 0.4246529827879932, 0.416375102709594]"
3955542,"[3955546, 5202105, 1502905, 2722155, 1498580, 1366625, 2777822, 1135937, 4060531, 1171833]","[0.7615885606486598, 0.6856760512783581, 0.5596285570662124, 0.5274624324549395, 0.5095780152111314, 0.5054752091495212, 0.4981667623141556, 0.48508087639826436, 0.45513972145833576, 0.4507169539511897]"
3955543,"[1473807, 995305, 1217419, 2722148, 437390, 2722144, 452442, 139993, 5360839, 347361]","[0.7583453669743087, 0.7391774914547651, 0.5357123709577359, 0.5089157381324388, 0.4986754678549374, 0.4610040197666343, 0.4592563098185586, 0.459023681588562, 0.4533255689378574, 0.45318519143257296]"
3955545,"[456563, 3955547, 2645329, 4039424, 456559, 452442, 2662674, 452448, 465454, 2659739]","[0.8221566517841943, 0.7942688228113262, 0.5729283725817147, 0.568508393851218, 0.5032574900730904, 0.48940577075153885, 0.48119668573632546, 0.4797729291228846, 0.47774740245403824, 0.46970029977221006]"
3955546,"[5202105, 3955542, 1502905, 2777822, 2722155, 1171833, 1498580, 1135937, 1366625, 26651]","[0.8858377293118005, 0.7615885606486598, 0.5456195265987577, 0.5035232057319992, 0.49629640009109655, 0.4603718911305196, 0.4350478174567069, 0.4292038013767012, 0.4287815551791542, 0.4236739115560143]"
3955547,"[456563, 3955545, 2645329, 4039424, 422906, 452442, 262993, 1485843, 1473197, 2645339]","[0.8974946751882975, 0.7942688228113262, 0.593242881524125, 0.5712007431367483, 0.5698973825314686, 0.5649891178151217, 0.5472583182559734, 0.5469812209088769, 0.5428052005907482, 0.5370888436564583]"
3955548,"[173656, 422905, 681194, 3433811, 1268, 2722174, 456562, 266374, 2722169, 315082]","[0.7075845883652947, 0.6276833826087092, 0.6198977602680182, 0.5856182619725968, 0.5665738779880294, 0.5573057282415042, 0.5469928607855283, 0.542937832357154, 0.5398277183512288, 0.537692081078526]"
4039424,"[3955547, 3955545, 1485843, 452442, 2722169, 6604346, 456563, 1324436, 2659739, 5360838]","[0.5712007431367483, 0.568508393851218, 0.5628479143648182, 0.5579355279514188, 0.555184956242561, 0.5280639974406839, 0.5261073579131985, 0.5209358231041883, 0.5192884550339165, 0.5081312572373475]"
4060531,"[6836720, 2662674, 930436, 1181100, 1044490, 6565374, 1485843, 42085, 1366625, 139821]","[0.5627795424586459, 0.5275439360041666, 0.5063948215381454, 0.5048231986624455, 0.49125834711296357, 0.47191954523388213, 0.4717194034698805, 0.47030192959459793, 0.46849523625663964, 0.4670455284688565]"
4060539,"[1502902, 3621132, 2783917, 1287915, 6599370, 2645338, 2777822, 2722155, 2722149, 1502905]","[0.8560034748335337, 0.8267972620239847, 0.8111328833261383, 0.802747747331806, 0.7909710864209633, 0.7813763747215168, 0.7484152625712679, 0.6550519294504751, 0.6435231340819476, 0.6285948896345155]"
4148779,"[1502905, 2722149, 1171833, 2783917, 2722155, 1502902, 4060539, 3621132, 815797, 2777822]","[0.7058587877423648, 0.6879033037426094, 0.6754758286510697, 0.6546582896575759, 0.6285527050685218, 0.6274316687632833, 0.6137698526025177, 0.6054267355267335, 0.5955621544149685, 0.590462449733828]"
4283093,"[1171873, 456560, 5880612, 1366625, 5880614, 452442, 2697394, 3955546, 5202105, 196392]","[0.5573116496867332, 0.48675195212056976, 0.4168201761444247, 0.41081467485853485, 0.3990109150672181, 0.3972927904564564, 0.39288154710547557, 0.39217927410202646, 0.39195300367395847, 0.39111116318632533]"
4315900,"[2659739, 2783911, 456559, 648655, 452443, 4996626, 139993, 573572, 834303, 448344]","[0.7436586368130469, 0.6913625639928185, 0.6511943121613772, 0.651111104388712, 0.6327930185285658, 0.6071912050762087, 0.6069600523256942, 0.5622943013416276, 0.5569231075898853, 0.5554354860760313]"
4394259,"[9471, 4586552, 190741, 1268, 64110, 648660, 771559, 461910, 860860, 3446266]","[0.7067516272497504, 0.6245912105375404, 0.5920522766244621, 0.5873121357307258, 0.5627163048058637, 0.5567818214600202, 0.5549686051078375, 0.5411103362072869, 0.5403463930552799, 0.5343355954122962]"
4432091,"[4613638, 196392, 4996626, 4692430, 5880614, 1229442, 3652978, 461917, 5880612, 461912]","[0.5029584821606476, 0.4966825671913524, 0.4901212265169011, 0.4775878468122623, 0.471653169235338, 0.46202126602868865, 0.4438956816719237, 0.42295332770201743, 0.41185539928332615, 0.39660445649875514]"
4518371,"[42142, 1290, 48066, 1324436, 573594, 6057747, 452442, 1485843, 982132, 61305]","[0.8307850148188625, 0.5096216396155739, 0.4770771313852671, 0.4519249570771494, 0.4453528028527012, 0.4174868071027521, 0.41306342760414083, 0.39796207540880396, 0.3902016899032118, 0.37830964387857147]"
4586552,"[1268, 594425, 64110, 2722169, 6565374, 860860, 9471, 3756794, 6599375, 4394259]","[0.8497731659712287, 0.8182851771553171, 0.8064229034419286, 0.7801698893009326, 0.7426842284794295, 0.7382689338301522, 0.6795929068625616, 0.6672256253226516, 0.6355515622930439, 0.6245912105375404]"
4613633,"[3756803, 48066, 361744, 3597383, 3445855, 315082, 1324436, 3756794, 4996628, 771559]","[0.5495330144842823, 0.5375034071379382, 0.5311474774245324, 0.5105074004683761, 0.49897683237701285, 0.47841401220731705, 0.46397558339027206, 0.45316764081708216, 0.44895976629724643, 0.4459352408927864]"
4613635,"[6599375, 361744, 569411, 3597383, 315082, 815797, 9471, 44879, 3433811, 771559]","[0.6149511648977318, 0.5516401646372715, 0.5324633584482745, 0.5322566421331065, 0.5256072878068596, 0.525008167404198, 0.5161026515047353, 0.5017117441714677, 0.4954507804609249, 0.4944825805029307]"
4613636,"[461910, 692836, 250, 1135935, 4996634, 361744, 2645329, 3621135, 2645328, 457014]","[0.8584522834511108, 0.8092144695917098, 0.7800813871384125, 0.7634855071273158, 0.757296680297707, 0.7339141754054488, 0.7282756584921275, 0.7169194381594057, 0.7069059837065406, 0.7046148623687558]"
4613638,"[3756792, 374233, 435129, 513103, 1124808, 1124796, 361744, 461917, 569411, 461912]","[0.8439568814678404, 0.8093364734935544, 0.6176490687054708, 0.5883927743440017, 0.5490135668625434, 0.5333744038660208, 0.5287127248123549, 0.5276481727565132, 0.5165000041634737, 0.5155226596479383]"
4633369,"[2809497, 3446264, 376842, 3626216, 250, 1135935, 4996634, 457014, 692836, 4613636]","[0.8863043201316642, 0.812710086438823, 0.7920738202904536, 0.6263138682578835, 0.6191240728421281, 0.5921366605240787, 0.5889908598780887, 0.5748463488473619, 0.5631794402151881, 0.5529623345368438]"
4639701,"[189912, 1139, 6028352, 930436, 2809976, 456559, 739418, 1124796, 950973, 2662674]","[0.5510674615441506, 0.5129687772964491, 0.5048394023654155, 0.4889741345138526, 0.47580903958636034, 0.4591531709598574, 0.45266746472274433, 0.4209196960211369, 0.4177564466696566, 0.4158012766548368]"
4641579,"[551016, 160488, 569411, 6599370, 361744, 4613636, 684657, 4996628, 2722147, 3756792]","[0.5784618176275547, 0.5198398192611244, 0.5118437688744761, 0.4771463569280343, 0.4693666542579613, 0.45501295871543923, 0.44560193883323856, 0.4455606819870863, 0.43320590730599645, 0.432892234633502]"
4692430,"[1229442, 4996626, 4432091, 4613638, 3756792, 435129, 26651, 654428, 3772408, 1124796]","[0.7126546112808558, 0.5233267827802008, 0.4775878468122623, 0.420230192244372, 0.41510727958890237, 0.41463820337579727, 0.4096260546725585, 0.402500122554317, 0.3969259233317397, 0.3944666124959272]"
4719644,"[1502902, 2783917, 1287915, 4060539, 3621132, 2645338, 2777822, 1498580, 6599370, 1502905]","[0.7063582563869064, 0.6358481406256369, 0.6257250915752642, 0.6195460765315011, 0.6173302210742739, 0.5862203958230272, 0.5829847638925824, 0.5668407911058346, 0.5637946567581431, 0.5228450073541027]"
4719645,"[1473197, 422906, 248367, 315082, 452442, 1485843, 1324436, 1129386, 452448, 220091]","[0.5966398091166987, 0.584911973115186, 0.5698084300608841, 0.5588038523847715, 0.5467672759154882, 0.5428756908251811, 0.5170873940028187, 0.5077466837618405, 0.5069532897045985, 0.4903365957283497]"
4749403,"[44879, 982132, 1181100, 930436, 1324436, 3772408, 1485843, 1129386, 422906, 3705529]","[0.48048546651758756, 0.4779712984254774, 0.47167413318640333, 0.46486497261730275, 0.4645638364148492, 0.4530768296207914, 0.45083215166989443, 0.4493272825803829, 0.4386632438749529, 0.4283739978710299]"
4749405,"[1287915, 2809496, 3621132, 6599370, 4060539, 1502902, 4719644, 2783917, 2645338, 343888]","[0.49019914141252674, 0.4423164245621985, 0.43994742782487445, 0.4386620679886635, 0.43842315356671463, 0.43214920608775936, 0.4251631539900771, 0.4211207380336878, 0.4118291242255502, 0.37896763851686477]"
4970778,"[822104, 2809496, 3621135, 435129, 3772408, 3756792, 1290145, 3597383, 343888, 4613638]","[0.5380032442759483, 0.5275333179448293, 0.5229909156517007, 0.5188159471981447, 0.5178598825945702, 0.5123997604917501, 0.4875503538606416, 0.48628771827534, 0.4798405930972548, 0.4751180983952903]"
4970783,"[1080669, 68508, 435129, 44879, 3772408, 6028352, 513103, 173656, 1181100, 681194]","[0.6911798464408505, 0.6609561923285183, 0.635420216696094, 0.6040936145142082, 0.5804599643715136, 0.5610322288046625, 0.5599979601333003, 0.5456187175221425, 0.5428427479789293, 0.5388223608879501]"
4996626,"[2659739, 648655, 2783911, 139993, 456559, 4315900, 23694, 834303, 452443, 4692430]","[0.6892184350770523, 0.6889520087053452, 0.6772437680755813, 0.6274363189753565, 0.6120842265321235, 0.6071912050762087, 0.5539464156679665, 0.5510642368542302, 0.5449837936065673, 0.5233267827802008]"
4996628,"[361744, 3597383, 343888, 3445855, 569411, 573181, 160488, 1287915, 3756803, 1324436]","[0.5947292123709107, 0.5710300100313594, 0.5579923180055341, 0.5498318775777682, 0.5260647621067887, 0.5137461552362287, 0.4720063300754258, 0.4708690172594088, 0.46928880561551, 0.46912318726017077]"
4996634,"[2645328, 1135935, 250, 2645329, 461910, 2722147, 301196, 457014, 4613636, 692836]","[0.9351207798199301, 0.8969265790154399, 0.8373187241192954, 0.7967993534908615, 0.7951507792746003, 0.7867425038643543, 0.7807729075511026, 0.7578350297861978, 0.757296680297707, 0.7513442702178892]"
5093150,"[5360837, 68508, 1290145, 1080669, 573181, 684657, 435129, 288288, 4970783, 4586552]","[0.5028418307672637, 0.4960266962727392, 0.4772704356360873, 0.46597669786614937, 0.4471757778857258, 0.4217049701796268, 0.41704015891957963, 0.3915202902194956, 0.38972891011460553, 0.38341760775835243]"
5177218,"[654428, 26651, 3652978, 3772408, 822104, 3955542, 4060539, 4613635, 1287915, 1181100]","[0.5419998603762308, 0.46175096845696784, 0.4468321279368911, 0.43933782313598135, 0.42521857755358566, 0.42025792950131324, 0.41691477901566404, 0.40510335997571045, 0.4011450530317824, 0.40087674501228066]"
5202105,"[3955546, 3955542, 2722155, 2777822, 1366625, 1502905, 1135937, 26651, 6604347, 1044492]","[0.8858377293118005, 0.6856760512783581, 0.5129184348194722, 0.5109210737781413, 0.4777914481197776, 0.4701145037105834, 0.466246979786456, 0.44878779433036053, 0.42846001543826473, 0.42761978384444443]"
5360837,"[6604347, 5360840, 1290145, 1044492, 5093150, 422906, 815797, 3705529, 2697394, 3494214]","[0.6278162151540483, 0.61640712808293, 0.5504170993395551, 0.505821551405603, 0.5028418307672637, 0.48496385690075144, 0.48043313152327816, 0.47971238553522955, 0.4745349733409082, 0.4663635869390327]"
5360838,"[2697394, 456559, 5360839, 6604346, 2659739, 4039424, 452443, 1324436, 6604347, 1171873]","[0.5669657430730002, 0.5321210475700028, 0.5147159951442313, 0.510929749362477, 0.5105434938587733, 0.5081312572373475, 0.4893539728458537, 0.4769433527518926, 0.4757118450589714, 0.4751786963737154]"
5360839,"[6604346, 461916, 48066, 452442, 1324436, 4148779, 139993, 5360838, 456559, 4613636]","[0.6138897008405295, 0.5678588382898779, 0.5616724604805305, 0.5602897032619341, 0.5496405014032993, 0.5212325456727518, 0.5150353757780933, 0.5147159951442313, 0.5115574412281181, 0.5004697791657727]"
5360840,"[6604347, 5360837, 452443, 2697394, 422911, 1485843, 456562, 2659739, 3626216, 374238]","[0.7496527406407678, 0.61640712808293, 0.5414041645904277, 0.5240943213093634, 0.5194602181799242, 0.5148632434423304, 0.5094605546273671, 0.5058446299054777, 0.48652163169716434, 0.48116084086059396]"
5525816,"[301196, 2722147, 4996634, 2645328, 1135935, 648648, 3446266, 5722072, 4586552, 1268]","[0.7476101825247525, 0.6725542339205721, 0.6719638538867772, 0.667027765205428, 0.6412658014077854, 0.6246128627822691, 0.6210221119457574, 0.5949501423258283, 0.5285270130704174, 0.5144188001563771]"
5694317,"[2809991, 513815, 2722144, 2645336, 3772408, 5525816, 277501, 301196, 3494214, 739418]","[0.8773284094977847, 0.7387153144270563, 0.6663511853492383, 0.6395967102048438, 0.47248011446800914, 0.4511379282780989, 0.42402674915736455, 0.4008072160500036, 0.3971769611203445, 0.3951630918158785]"
5722072,"[648648, 3446266, 2722147, 1135935, 4996634, 301196, 2645328, 3756794, 5525816, 7066986]","[0.7478349142271405, 0.7407840173160661, 0.7335034997497023, 0.703529740273658, 0.700258459031169, 0.6983637952794464, 0.6855727646812505, 0.6230831891902704, 0.5949501423258283, 0.5945470115938352]"
5880612,"[4060539, 5880614, 196392, 3652978, 461912, 422905, 4970783, 3621132, 551014, 4613638]","[0.4902574548446226, 0.4687242698232526, 0.4637403674060132, 0.44451078916592773, 0.44314570620416993, 0.4366400588227638, 0.42611561345744964, 0.425571512113848, 0.42240557076818674, 0.4209704346674745]"
5880614,"[4432091, 5880612, 343888, 196392, 4996628, 4283093, 2809991, 422905, 3652978, 5525816]","[0.471653169235338, 0.4687242698232526, 0.4177237949633247, 0.4147531330407118, 0.41364759851057586, 0.3990109150672181, 0.3963616830605364, 0.36360527599526726, 0.35899987418918533, 0.35798139562520886]"
6028352,"[435129, 44879, 3772408, 139821, 4970783, 1181100, 36379, 513866, 4639701, 6565374]","[0.6108232869185308, 0.5839356045046644, 0.5814884490178331, 0.565815822869068, 0.5610322288046625, 0.542818650876159, 0.5336873545068084, 0.5077353330336769, 0.5048394023654155, 0.5001280006138812]"
6057747,"[513103, 48066, 461917, 461916, 461912, 3772408, 315084, 573594, 361744, 3756803]","[0.524219033750368, 0.5127193714881608, 0.5082327370659958, 0.5029701522403963, 0.5006070679305701, 0.4896495414652948, 0.47965755907161156, 0.4793921346868727, 0.46890782563672184, 0.4672539981182454]"
6565374,"[860860, 2722169, 4586552, 1268, 64110, 594425, 3621135, 1485843, 1010793, 1324436]","[0.8032732560348657, 0.7594006404054718, 0.7426842284794295, 0.7386153168787226, 0.7302875952532932, 0.688506251041872, 0.6795140604053111, 0.6441201995873782, 0.6322834638248476, 0.631388495524849]"
6583638,"[950973, 573572, 2645335, 68138, 60541, 139993, 374235, 594425, 860860, 2659739]","[0.5001072651622811, 0.4603527371346701, 0.44891294713492647, 0.44593168621178564, 0.4138884383594084, 0.4091979556428289, 0.39879845959189325, 0.39396127142065784, 0.3822453788405017, 0.379370996026559]"
6599370,"[3621132, 2783917, 1502902, 4060539, 1287915, 2645338, 2777822, 2722149, 1171833, 2809496]","[0.8245688404346879, 0.810575883592575, 0.7949146335587618, 0.7909710864209633, 0.7898181008725462, 0.7794332004916983, 0.6759805133141066, 0.6160881423721609, 0.6027588775946693, 0.5983118547861879]"
6599374,"[1058010, 692836, 6599375, 551016, 1217419, 301196, 834303, 139993, 594425, 2659739]","[0.46362175610493783, 0.41748608180533203, 0.4153716620234878, 0.41513530256244696, 0.409088190810915, 0.4086202339453507, 0.402077505840919, 0.39920511715528173, 0.3957163016311155, 0.3921533795049085]"
6599375,"[1268, 1135935, 594425, 4586552, 461910, 4613635, 139993, 4996634, 2645329, 2722169]","[0.6654606654945573, 0.6499851392682445, 0.6452612563798172, 0.6355515622930439, 0.6274365911852732, 0.6149511648977318, 0.6148289127464592, 0.6120847550174734, 0.6040094911621838, 0.5976362244473921]"
6604346,"[48066, 5360839, 461916, 452442, 4039424, 5360838, 1324436, 2645330, 456559, 4148779]","[0.6219919059884385, 0.6138897008405295, 0.5343425230056738, 0.5285683851616376, 0.5280639974406839, 0.510929749362477, 0.5078645006836583, 0.4670069055597611, 0.4649326862176904, 0.4617064993729799]"
6604347,"[5360840, 5360837, 422911, 1324436, 456562, 2659739, 452443, 1485843, 422906, 1044492]","[0.7496527406407678, 0.6278162151540483, 0.601253932564926, 0.5583888136517676, 0.5508607821300082, 0.5428989432944944, 0.5361571422596995, 0.5355393116121898, 0.5349524412107804, 0.5341793696092932]"
6836720,"[1044491, 4060531, 1290, 2662674, 575926, 139821, 930436, 42085, 1366625, 14410]","[0.5710899563388652, 0.5627795424586459, 0.5428368980735454, 0.5426996769682633, 0.5328068788355987, 0.5314633840370206, 0.48123215373544165, 0.472295712106871, 0.47090078406011465, 0.4651580434293967]"
7066986,"[4613636, 648648, 5722072, 301196, 3446266, 9471, 692836, 1135935, 648660, 361744]","[0.6186991955484071, 0.6078241787011356, 0.5945470115938352, 0.5916366324959403, 0.5861051119470149, 0.5823489538607692, 0.5810006466708566, 0.5749175517699991, 0.5719357011782313, 0.5713003291216332]"
7308001,"[1134707, 785729, 692818, 784422, 277502, 4518371, 139821, 5880614, 4283093, 42142]","[0.624669624506082, 0.4669035424063756, 0.3911468788092198, 0.3624235131872579, 0.34189461861010984, 0.286105328833774, 0.2607415245657155, 0.2444246776181271, 0.2431208519733038, 0.24268876165277103]"
7749427,"[36379, 1473807, 2722137, 4641579, 347361, 995305, 3446264, 127349, 437390, 2645336]","[0.38400854214804464, 0.3810820822679669, 0.3731200294720821, 0.37211994268033594, 0.36122596603751567, 0.35791695212685565, 0.3576729542761942, 0.35709627146759726, 0.35553269172593194, 0.3547676456382697]"
